File ID,Name,Cloud Dir,SHA256,Size,Last Modified,Created At DB,Version ID,Method,Processed At,Text Path,Valid Words Ratio,Quality Report,Preview Text
42,"=HYPERLINK(""https://disk.yandex.ru/d/eoPtLFz10rw3Hg/2hCb_CCI27012021_0027.pdf""; ""2hCb_CCI27012021_0027.pdf"")","=HYPERLINK( ""https://disk.yandex.ru/d/eoPtLFz10rw3Hg""; """")",4164320261ada9735fe7a7ff634128ae32190398bc36b49ccc30310e164d3fe2,231074,2025-03-17 07:46:58,2025-05-28 13:42:27.151354,43,ocr,2025-05-28 13:42:27.229356,E:\ML\ML_projects\Практика\Академия ДПО\project\knowledge_base\documents_parsing\docscanner\content_files\2hCb_CCI27012021_0027.pdf.txt,0.7777777777777778,"total_chars: 79
total_words: 9
valid_words_count: 7
invalid_words_count: 2
trash_chars_ratio: 0.24050632911392406
invalid_words: m, t
most_common_words: межрайонная(1), hohc(1), pocchh(1), m(1), t(1), mockbe(1), tiponymeposaxo(1), pomieto(1), и(1)","МЕЖРАЙОННАЯ HOHC POCCHH     M46 10 T .MOCKBE  _TIponyMeposaxo, “pOMIETO и"
43,"=HYPERLINK(""https://disk.yandex.ru/d/eoPtLFz10rw3Hg/67l8_CCI27012021_0031.pdf""; ""67l8_CCI27012021_0031.pdf"")","=HYPERLINK( ""https://disk.yandex.ru/d/eoPtLFz10rw3Hg""; """")",8228947f3e3f6c2d1ce37f885417aa7dc7418313e10664795f3e811771639113,428217,2025-03-17 07:46:59,2025-05-28 13:42:31.459645,44,ocr,2025-05-28 13:42:31.519242,E:\ML\ML_projects\Практика\Академия ДПО\project\knowledge_base\documents_parsing\docscanner\content_files\67l8_CCI27012021_0031.pdf.txt,0.95,"total_chars: 929
total_words: 100
valid_words_count: 95
invalid_words_count: 5
trash_chars_ratio: 0.16254036598493002
invalid_words: -, кнд, дпо, а, ю
most_common_words: по(5), в(4), российской(3), с(3), код(2), свидетельство(2), о(2), на(2), учет(2), организации(2)","Форма № 1-1-Учет Код по КНД 1121007  Федеральная налоговая служба  СВИДЕТЕЛЬСТВО  О ПОСТАНОВКЕ НА УЧЕТ РОССИЙСКОЙ ОРГАНИЗАЦИИ В НАЛОГОВОМ ОРГАНЕ ПО МЕСТУ ЕЕ НАХОЖДЕНИЯ  Настоящее свидетельство подтверждает, что российская организация ОБЩЕСТВО С ОГРАНИЧЕННОЙ ОТВЕТСТВЕННОСТЬЮ ""АКАДЕМИЯ ДПО""              (полное наименование российской организации в соответствии с учредительными документами)  оген [1 1| 9 7| 7/4] 6] о| 4 | 8] 1| 4] 7]  поставлена на учет в соответствии с  Налоговым кодексом Российской Федерации 01.02.2019 (число, месяц, 200)  в налоговом органе по месту нахождения Инспекция Федеральной налоговой  службы № 27 по г.Москве |                    (наименование налогового органа и его код)  и ей присвоен  иннкопо — [7 72 [7 4 [0 |6 [1 | 5 |3 |  Главный государственный налоговый инспектор & отдела формирования дел Межрайонной инспекции\ Федеральной налоговой службы Ne 46 по г. Москве &       А. Ю. Абрашкина"
44,"=HYPERLINK(""https://disk.yandex.ru/d/eoPtLFz10rw3Hg/9gKK_7727406158_20210127_175727.pdf""; ""9gKK_7727406158_20210127_175727.pdf"")","=HYPERLINK( ""https://disk.yandex.ru/d/eoPtLFz10rw3Hg""; """")",d512710e95a524f64a1b0cd5dece3d416ec7f8398844f228d8ba193c16300777,134171,2025-03-17 07:46:59,2025-05-28 13:42:32.334205,45,pdfplumber,2025-05-28 13:42:32.430743,E:\ML\ML_projects\Практика\Академия ДПО\project\knowledge_base\documents_parsing\docscanner\content_files\9gKK_7727406158_20210127_175727.pdf.txt,0.9607843137254902,"total_chars: 939
total_words: 102
valid_words_count: 98
invalid_words_count: 4
trash_chars_ratio: 0.1501597444089457
invalid_words: -, -, цод, -фз
most_common_words: и(5), с(5), электронной(4), в(3), сведения(3), фнс(3), россии(3), код(2), наименование(2), вида(2)","СВЕДЕНИЯ из Единого реестра субъектов малого и среднего предпринимательства 27.01.2021 ЮЭ9965-21-11134589 (Дата формирования сведений) (номер) Настоящие сведения содержат информацию о юридическом лице ОБЩЕСТВО С ОГРАНИЧЕННОЙ ОТВЕТСТВЕННОСТЬЮ ""АКАДЕМИЯ ДПО"" (полное наименование юридического лица) ИНН 7 7 2 7 4 0 6 1 5 8 , включенную в Единый реестр субъектов малого и среднего предпринимательства по состоянию на 10 марта 2019 г.: (число) (месяц прописью) (год) № Наименование показателя Значение показателя п/п 1 2 3 Наименование юридического лица ОБЩЕСТВО С ОГРАНИЧЕННОЙ 1 Полное наименование ОТВЕТСТВЕННОСТЬЮ ""АКАДЕМИЯ ДПО"" Место нахождения юридического лица 2 Субъект Российской Федерации МОСКВА ГОРОД Идентификационный номер налогоплательщика 3 7727406158 (ИНН) Дата внесения сведений о юридическом лице в 4 10.03.2019 реестр Сведения о том, что юридическое лицо является 5 Нет вновь созданным Категория субъекта малого или среднего 6 Микропредприятие предпринимательства Сведения о среднесписо..."
45,"=HYPERLINK(""https://disk.yandex.ru/d/eoPtLFz10rw3Hg/CKAY_CCI27012021_0030.pdf""; ""CKAY_CCI27012021_0030.pdf"")","=HYPERLINK( ""https://disk.yandex.ru/d/eoPtLFz10rw3Hg""; """")",8612aa524fbcc672463b16ea680751e1b86843ec546ae2a4db8b7703b1ee0873,344431,2025-03-17 07:46:59,2025-05-28 13:42:36.674656,46,ocr,2025-05-28 13:42:36.760685,E:\ML\ML_projects\Практика\Академия ДПО\project\knowledge_base\documents_parsing\docscanner\content_files\CKAY_CCI27012021_0030.pdf.txt,0.8571428571428571,"total_chars: 714
total_words: 84
valid_words_count: 72
invalid_words_count: 12
trash_chars_ratio: 0.20728291316526612
invalid_words: дв, -, -, -, а, дпо, -, -, -, -, нн, а
most_common_words: -(7), января(2), с(2), в(2), а(2), от(2), г(2), no(2), российская(1), федерация(1)","Российская Федерация Город Москва ДВ&дЦЯТЬ пятого января две тысячи девятнадцатого года Я, Кожевникова Изобелла Александровна, нотариус города Москвы, свидетельствую всрносгь копии с представленного мне документа.  Зарегистрировано в реестре: Ne 77/258-H/77-2019-2-128.      Действительно только как приложение к договору  (проекту договора) №27А43/11925 от 25 января 2019 г.  С ООО «Академия ДПО»  Дальнейшему конированию для нотариальных и иных действий  HE подлемжсимт.  Собственник _ недвижимого имущества no данному Свидетельству NO77-01/00-09/ 2000-31027 от 19.03.2000г, - 77 НН 005827  Тенишев А. В. ' fe     sen sccenssecammenensern taste ts — —.  ‚./—“/_.’ ""‘_‘>     компьютерная сислема *Экспресс*."
46,"=HYPERLINK(""https://disk.yandex.ru/d/eoPtLFz10rw3Hg/EXWl_CCI27012021_0029.pdf""; ""EXWl_CCI27012021_0029.pdf"")","=HYPERLINK( ""https://disk.yandex.ru/d/eoPtLFz10rw3Hg""; """")",63a1da308c9a01760c7505e67e3e135e07df494bcb37f4b4efbc7c461aa783dd,844039,2025-03-17 07:46:59,2025-05-28 13:42:41.895866,47,ocr,2025-05-28 13:42:41.973868,E:\ML\ML_projects\Практика\Академия ДПО\project\knowledge_base\documents_parsing\docscanner\content_files\EXWl_CCI27012021_0029.pdf.txt,0.9478260869565217,"total_chars: 948
total_words: 115
valid_words_count: 109
invalid_words_count: 6
trash_chars_ratio: 0.16561181434599156
invalid_words: a, a, -, -, -, -
most_common_words: с(4), права(4), -(4), прав(3), недвижимое(3), имущество(3), и(3), сделок(3), регистрации(3), на(2)","РОССИЙСКАЯ ФЕДЕРАЦИЯ ЕДИНЫЙ ГОСУДАРСТВЕННЫЙ РЕЕСТР ПРАВ НА НЕДВИЖИМОЕ ИМУЩЕСТВО И СДЕЛОК С HMM A ействительно только как приложеные к договору {проекту договора} No 27A43/11925 от «28» декабря 2019 2  С ООО «Академия ДНО» Дальнейшему копированию для нотариальных @ иных  СВИДЕТЕЛЬСТВО  0 ГОСУДАРСТВЕННОЙ РЕГИСТРАЦИИ ПРАВА                    Московский городской комитет по государственной регистрации прав Ha недвижимое имущество и сделок с HUM  от “/7 “ апреля 2000 г.     Субъект права: ТЕНИШЕВ АЛЕКСАНДР БОРИСОВИЧ Реестровый номер субъекта: 11-38391 Код ОКПО:  Форма собственности: частная  Вид права: собственность  Объект права: часть здания по адресу: МОСКВА , ул. ЮЖНОБУТОВСКАЯ, д.45  площадью: 47,3 кв.м. Реестровый номер объекта: 75388  о чем в Едином государственном реестре прав на недвижимое имущество и сделок с ним “SF “ апреля 2000 г. сделана запись регистрации No 77-01/00-09/2000-31027  # 2 Регистратор Me © :"
47,"=HYPERLINK(""https://disk.yandex.ru/d/eoPtLFz10rw3Hg/EZEN_CCI27012021_0024.pdf""; ""EZEN_CCI27012021_0024.pdf"")","=HYPERLINK( ""https://disk.yandex.ru/d/eoPtLFz10rw3Hg""; """")",3015a7400b8d95cea5c5a1b64c3253ebfc613f5a36d547632d7eb138d09b9320,567443,2025-03-17 07:46:59,2025-05-28 13:42:48.140077,48,ocr,2025-05-28 13:42:48.284080,E:\ML\ML_projects\Практика\Академия ДПО\project\knowledge_base\documents_parsing\docscanner\content_files\EZEN_CCI27012021_0024.pdf.txt,0.8609625668449198,"total_chars: 1672
total_words: 187
valid_words_count: 161
invalid_words_count: 26
trash_chars_ratio: 0.1507177033492823
invalid_words: ы, вом, b, f, e, b, d, b, e, дпо, s, s, s, s, s, s, d, -, -, -, -, -, иц, а, а, б
most_common_words: в(9), лиц(7), юридических(6), юридического(6), s(6), лица(5), сведения(5), -(5), р(4), единый(4)","ы! я ВОМ ' |…' Форма № Р50007  99dd6b934 1f64e6 9b0d39ca8b6e44250  Лист записи Единого государственного реестра юридических лиц  В Единый государственный реестр юридических лиц в отношении юридического лица  ОБЩЕСТВО С ОГРАНИЧЕННОЙ ОТВЕТСТВЕННОСТЬЮ ""АКАДЕМИЯ ДПО""  полное наименование юридического лица  арственный регистрационный номер (ОГРН)  1[1 |9 [ 7 [ 7 [ 4 [ 6 [0 [ 4 [ 8 [ 1 | 4 [ 7]  внесена запись о государственной регистрации изменений, внесенных в учредительные документы юридического лица, связанных с внесением изменений в сведения о юридическом лице, содержащиеся в ЕГРЮЛ, на  основании заявления  ""14"" февраля 2019 года  (число) — (месяц прописью) (год)       основной госуд             за государственным регистрационным номером (ГРН)  [ 6 | 1 | 9 [ 7 | 7 [ 4 [ 6 [ 9 [1 [о [ 2 [ 9 [0 ]  Запись содержит следующие сведения:       Наименование показателя Значение показателя  Сведения об уставном капитале (складочном капитале, уставном фонде, паевых взносах), внесенные в  Единый го..."
48,"=HYPERLINK(""https://disk.yandex.ru/d/eoPtLFz10rw3Hg/LTyl_22.pdf""; ""LTyl_22.pdf"")","=HYPERLINK( ""https://disk.yandex.ru/d/eoPtLFz10rw3Hg""; """")",2abe016934a0d25f8bbb98e2b7aa506a621dd75564a3cdcac649016f4f871d09,686063,2025-03-17 07:47:00,2025-05-28 13:42:54.880779,49,ocr,2025-05-28 13:42:54.972780,E:\ML\ML_projects\Практика\Академия ДПО\project\knowledge_base\documents_parsing\docscanner\content_files\LTyl_22.pdf.txt,0.9018181818181819,"total_chars: 2502
total_words: 275
valid_words_count: 248
invalid_words_count: 27
trash_chars_ratio: 0.1079136690647482
invalid_words: кнд, -, -, -, c, -, -, -, -, c, янв-, гн, e, m, u, -, -, -, -, -, -, -, а, -, -, -, а
most_common_words: -(17), на(10), с(9), и(9), организации(8), индивидуальные(6), предприниматели(6), налогоплательщика(5), уведомление(4), код(4)","= М  03603017     Форма no КНД 115000° Уведомление  о переходе на упрощенную систему налогообложения (форма Ne 26.2-1)      (выбирается из перечня,  Представляется в налоговый орган — (код) приведенного внизу листа)     Признак налогоплательщика (код)*     В соответствии с положениями статей 346.12 и 346.13 главы 26.2 Налогового кодекса Российской Федерации        переходит на упрощенную систему налогообложения  где: 1 - с 1 января — 2 О ` roa, — 2 - с даты постановки на налоговый учет 3, 3=C        1 - доходы, 2 - доходы, уменьшенные на величину расходов     py6nen *     листах     1 - налогоплательщик,  й Заполняется работником налогового органа 2- представитель налогоплательщика  Данное уведомление представлено (код)     на 1 странице  с приложением подтверждающего  М Е хр‚документаили его кёпий на листах     (фамилия, uma, отчество ” руководителя организации/представителя  налогоплательщика ‚ aa.c. Moe ) Дата представления Mae уведомления —„ 9 ЯНВ-  & &          Номер контактного т..."
49,"=HYPERLINK(""https://disk.yandex.ru/d/eoPtLFz10rw3Hg/NIJR_ul-1197746048147-20210127175820.pdf""; ""NIJR_ul-1197746048147-20210127175820.pdf"")","=HYPERLINK( ""https://disk.yandex.ru/d/eoPtLFz10rw3Hg""; """")",17e69ab99ea6337ac92b002d68acaf5f1cf7025a5f2ad7efc689b9d6b0730862,169659,2025-03-17 07:46:59,2025-05-28 13:42:56.297936,50,pdfplumber,2025-05-28 13:42:56.389017,E:\ML\ML_projects\Практика\Академия ДПО\project\knowledge_base\documents_parsing\docscanner\content_files\NIJR_ul-1197746048147-20210127175820.pdf.txt,0.9846153846153847,"total_chars: 581
total_words: 65
valid_words_count: 64
invalid_words_count: 1
trash_chars_ratio: 0.21514629948364888
invalid_words: цод
most_common_words: с(4), в(3), из(3), наименование(2), документа(2), иной(2), докум(2), соотв(2), законодательством(2), рф(2)","ВЫПИСКА из Единого государственного реестра юридических лиц 27.01.2021 № ЮЭ9965-21- 31352518 дата формирования выписки Настоящая выписка содержит сведения о юридическом лице ОБЩЕСТВО С ОГРАНИЧЕННОЙ ОТВЕТСТВЕННОСТЬЮ ""АКАДЕМИЯ ДПО"" полное наименование юридического лица ОГРН 1 1 9 7 7 4 6 0 4 8 1 4 7 включенные в Единый государственный реестр юридических лиц по состоянию на « 27 » января 20 21 г. число месяц прописью год № п/п Наименование показателя Значение показателя 1 2 3 Наименование 1 Полное наименование на русском языке ОБЩЕСТВО С ОГРАНИЧЕННОЙ ОТВЕТСТВЕННОСТЬЮ ""АКАДЕМИЯ ДПО"" 2 ГРН и дата внесения в ЕГРЮЛ записи, 1197746048147 содержащей указанные сведения 01.02.2019 3 Сокращенное наименование на русском ООО ""АКАДЕМИЯ ДПО"" языке 4 ГРН и дата внесения в ЕГРЮЛ записи, 1197746048147 содержащей указанные сведения 01.02.2019 Место нахождения и адрес юридического лица 5 Место нахождения юридического лица ГОРОД МОСКВА 6 ГРН и дата внесения в ЕГРЮЛ записи, 1197746048147 содержащей указанные..."
50,"=HYPERLINK(""https://disk.yandex.ru/d/eoPtLFz10rw3Hg/SRoC_CCI28012021_0013.pdf""; ""SRoC_CCI28012021_0013.pdf"")","=HYPERLINK( ""https://disk.yandex.ru/d/eoPtLFz10rw3Hg""; """")",c2bc4b82b9314053edde6b6e8330a489792f29e2f5e42f20980d660ec1de59e9,421644,2025-03-17 07:47:00,2025-05-28 13:43:01.666496,51,ocr,2025-05-28 13:43:01.751521,E:\ML\ML_projects\Практика\Академия ДПО\project\knowledge_base\documents_parsing\docscanner\content_files\SRoC_CCI28012021_0013.pdf.txt,0.9006622516556292,"total_chars: 1309
total_words: 151
valid_words_count: 136
invalid_words_count: 15
trash_chars_ratio: 0.2734912146676853
invalid_words: ё, ё, бик, сч, -, n, дпо, r, оф, эт, пом, -, -, -, -
most_common_words: москва(5), счета(5), -(5), с(4), в(3), г(3), код(3), swift(3), счет(3), ё(2)","Ё‹Ё’;_,‹і’›‹файзен  Москва, 27 января 2021  Общество с ограниченной ответственностью Академия Ano СПРАВКА ОБ ОТКРЫТИИ СЧЕТА  Настоящим подтверждаем, что 12.02.2019 в AO ""Райффайзенбанк"", г.Москва, с юридическим адресом 129090, Mocksa, ул.Троицкая, д.17, стр. 1, (БИК 044525700, Код ОКПО 42943661, Код ОКВЭД 65.12, UHH 7744000302, КПП 770201001, ОГРН 1027739326449, SWIFT: RZBMRUMM; сч. 30101810200000000700 - Главное управление Центрального банка Российской Федерации no Центральному федеральному округу г. Москва, Kopp. счет в долларах США Ne 36343873 Citibank NA, 399 Park Avenue, New York, NY 10022, USA, SWIFT: CITI US 33, ABA: 021000089, CHIPS Routing No: 0008, Kopp. счет в EBPO N 155025928, Raiffeisen Bank International AG Am Stadtpark 9 A-1030 Vienna, Austria SWIFT: RZBAATWW) произведено открытие следующего счета / счетов:  SS НАИМЕНОВАНИЕ ТИП СЧЕТА ВАЛЮТА СЧЕТА НОМЕР СЧЕТА  Общество с Рублевый расчетный счет Российский рубль | 40702810400000107227 ограниченной ответственностью Академия..."
51,"=HYPERLINK(""https://disk.yandex.ru/d/eoPtLFz10rw3Hg/YW8U_CCI28012021_0012.pdf""; ""YW8U_CCI28012021_0012.pdf"")","=HYPERLINK( ""https://disk.yandex.ru/d/eoPtLFz10rw3Hg""; """")",76cc939f0b97a5685f6d2aa7cca0edf8e53dfd730b6ecd36f9ba3759f6394bba,578401,2025-03-17 07:47:00,2025-05-28 13:43:05.447013,52,ocr,2025-05-28 13:43:05.518040,E:\ML\ML_projects\Практика\Академия ДПО\project\knowledge_base\documents_parsing\docscanner\content_files\YW8U_CCI28012021_0012.pdf.txt,0.9122807017543859,"total_chars: 604
total_words: 57
valid_words_count: 52
invalid_words_count: 5
trash_chars_ratio: 0.3658940397350993
invalid_words: бик, -, -, -, -
most_common_words: -(4), г(3), москва(3), адрес(2), счет(2), yn(2), южнобутовская(2), at(2), nom(2), kom(2)","Полное Наименование  Юридический адрес  Почтовый адрес  Телефон WHH/KNIN  ОГРН Расчётный счет  Корреспондентский счет  БИК банка  Банк Генеральный Директор  E-mail:  «Академия Дополнительного Профессионального Образования»  117042 г. Москва, yn. Южнобутовская, д.45, aT. 1, nom. 2, KOM. 2.  117042 г. Москва, yn. Южнобутовская, 4.45, aT. 1, nom. 2, KOM, 2.  +7 (495) 032-09-82 +7 (800) 707-71-91  7727406158 / 772701001  1197746048147  40702810400000107227  30101810200000000700  044525700  AO «Райффайзенбанк», г. Москва  Мандажи Иван Анатольевич Действует на основании Устава  info@academydpo.org"
52,"=HYPERLINK(""https://disk.yandex.ru/d/eoPtLFz10rw3Hg/jgU4_Uvedomlenie_o_kodah_OK_TEI.pdf""; ""jgU4_Uvedomlenie_o_kodah_OK_TEI.pdf"")","=HYPERLINK( ""https://disk.yandex.ru/d/eoPtLFz10rw3Hg""; """")",fb6dd8487cf0650f91752bfb9384c968e3ca4a325171bcd58546bc771401f3fa,51405,2025-03-17 07:46:59,2025-05-28 13:43:06.327639,53,pdfplumber,2025-05-28 13:43:06.417710,E:\ML\ML_projects\Практика\Академия ДПО\project\knowledge_base\documents_parsing\docscanner\content_files\jgU4_Uvedomlenie_o_kodah_OK_TEI.pdf.txt,0.9859154929577465,"total_chars: 788
total_words: 71
valid_words_count: 70
invalid_words_count: 1
trash_chars_ratio: 0.11421319796954314
invalid_words: дпо
most_common_words: общероссийский(6), классификатор(6), и(3), с(2), ограниченной(2), ответственностью(2), южное(2), бутово(2), юридическими(2), лицами(2)","Уведомление для юридических лиц Федеральная служба государственной статистики УВЕДОМЛЕНИЕ ОБЩЕСТВО С ОГРАНИЧЕННОЙ ОТВЕТСТВЕННОСТЬЮ ""АКАДЕМИЯ ДПО"" Свидетельство о государственной регистрации: от 01.02.2019 № 1197746048147 В соответствии с Федеральным законом от 29.11.2007 № 282-ФЗ «Об официальном статистическом учете и системе государственной статистики в Российской Федерации» и Положением о Федеральной службе государственной статистики, утвержденным постановлением Правительства Российской Федерации от 02.06.2008 г. № 420, органы государственной статистики осуществляют формирование официальной статистической информации о социальном, экономическом, демографическом и экологическом положении России, на основании статистических данных, представляемых хозяйствующими субъектами в формах федерального статистического наблюдения. При заполнении форм федерального статистического наблюдения (статистической отчетности) следует указывать в кодовой части код по Общероссийскому классификатору предприя..."
53,"=HYPERLINK(""https://disk.yandex.ru/d/eoPtLFz10rw3Hg/sJI5_Polnoe.docx""; ""sJI5_Polnoe.docx"")","=HYPERLINK( ""https://disk.yandex.ru/d/eoPtLFz10rw3Hg""; """")",08227eafa9cc1ffe5537d9cd9f8b312944d3c0b8c744012ce8ffb0143839820c,13432,2025-03-17 07:47:00,2025-05-28 13:43:07.254300,54,docx,2025-05-28 13:43:07.335272,E:\ML\ML_projects\Практика\Академия ДПО\project\knowledge_base\documents_parsing\docscanner\content_files\sJI5_Polnoe.docx.txt,,,
54,"=HYPERLINK(""https://disk.yandex.ru/d/eoPtLFz10rw3Hg/sfact_message_13278802%20%281%29.pdf""; ""sfact_message_13278802 (1).pdf"")","=HYPERLINK( ""https://disk.yandex.ru/d/eoPtLFz10rw3Hg""; """")",e37d255cb9e5376a1fa5b4c58b17646bde8d0c049020531917741240ea2b1082,29315,2025-03-17 07:47:00,2025-05-28 13:43:08.111604,55,pdfplumber,2025-05-28 13:43:08.205626,E:\ML\ML_projects\Практика\Академия ДПО\project\knowledge_base\documents_parsing\docscanner\content_files\sfact_message_13278802 (1).pdf.txt,0.924812030075188,"total_chars: 1284
total_words: 133
valid_words_count: 123
invalid_words_count: 10
trash_chars_ratio: 0.1791277258566978
invalid_words: мск, дпо, -, -, дпо, дпо, b, b, d, d
most_common_words: и(6), профессиональное(4), дополнительное(4), образование(4), сообщение(3), от(3), ооо(3), академия(3), дпо(3), инн(3)","Получение лицензии Сообщение №13278802 от 19.09.2022 10:13 МСК. ПУБЛИКАТОР ООО ""АКАДЕМИЯ ДПО"" ИНН: 7727406158 ОГРН: 1197746048147 СООБЩЕНИЕ Номер и дата выдачи Срок действия Лицензирующий орган Л035-01298-77/00181780 Бессрочная ДЕПАРТАМЕНТ ОБРАЗОВАНИЯ И НАУКИ ГОРОДА МОСКВЫ от 02.12.2019 ИНН: 7719028495 ОГРН: 1027700386625 Лицензируемая Осуществление образовательной деятельности деятельность: Оказываемые услуги: профессиональное обучение; дополнительное образование детей и взрослых; дополнительное профессиональное образование Текст сообщения ООО ""Академия ДПО"" 02.12.2019 года была получена лицензия на осуществление образовательной деятельности выданная Департаментом образования и науки города Москвы, № 040481, бланк 77Л01 № 0011399, в соответствии с приказом Департамента образования и науки города Москвы №1140Л от 02.12.2019 года, на осуществление образовательной деятельности по направлениям: профессиональное обучение; дополнительное образование детей и взрослых; дополнительное професси..."
55,"=HYPERLINK(""https://disk.yandex.ru/d/eoPtLFz10rw3Hg/tgOy_CCI27012021_0025.pdf""; ""tgOy_CCI27012021_0025.pdf"")","=HYPERLINK( ""https://disk.yandex.ru/d/eoPtLFz10rw3Hg""; """")",1bead87a382b9cec5b991b1d381ece96ae63c9a52114604a601dcae93cdb321c,650456,2025-03-17 07:47:00,2025-05-28 13:43:15.389109,56,ocr,2025-05-28 13:43:15.493754,E:\ML\ML_projects\Практика\Академия ДПО\project\knowledge_base\documents_parsing\docscanner\content_files\tgOy_CCI27012021_0025.pdf.txt,0.9140271493212669,"total_chars: 1883
total_words: 221
valid_words_count: 202
invalid_words_count: 19
trash_chars_ratio: 0.1460435475305364
invalid_words: у, -, фл, ф, ф, ф, ю, a, ьч, -е, панные, фл, ю, нн, -, w, g, a, c
most_common_words: в(11), документа(8), на(7), представлены(6), бумажном(6), носителе(6), документы(5), уставном(4), капитале(4), фонде(4)","Идентификационньни номер налогоплательщика 772873636429  VHH Доля в уставном капитале складочном капитале, уставном фонде, паевом фонде [12 Номинальная стоимость доли(в рублях) _ 0000 13 Размер доли(в процента) SO 2  Возникновение у участника ` обязательственных пра! в отношении юридического лица Данные учредителя (участника) - физического лица Фамилия КАБАНОВ ВАСИЛИЙ ВЛАДИМИРОВИЧ  501849969376  ИНН ФЛ no данным ET PH 501849969376  Доля в уставном капитале складочном капитале, уставном фонде, паевом фонде, Номинальная стоимость доли(в рублях 40000  Размер доли(в процентах ` 50  14 |Причина внесения сведений  = < Ф [Ф 4 13] [Ф  7 Ю Идентификационный номер налогоплательщика  =); — 8] [el a | ьч -Е <  20 21  Сведения о заявителях при данном виде регистрации Руководитель постоянно действующего 2 ид заявителя В cabal исполнительного органа Панные заявителя, физического лица  [23 Фамилия _ КАБАНОВ Г4 Имя BACT Г25|Ютчество _ ВЛАДИМИРОВИЧ  ИНН  7 ИНН ФЛ no данным ЕГРН 501849969376  Сведения"
56,"=HYPERLINK(""https://disk.yandex.ru/d/eoPtLFz10rw3Hg/w9yU_CCI27012021_0026.pdf""; ""w9yU_CCI27012021_0026.pdf"")","=HYPERLINK( ""https://disk.yandex.ru/d/eoPtLFz10rw3Hg""; """")",4f8969c317b71864b2971c19f6ec60844558f32fc14a146aae7ac097e9782bcf,268633,2025-03-17 07:47:00,2025-05-28 13:43:18.687491,57,ocr,2025-05-28 13:43:18.758603,E:\ML\ML_projects\Практика\Академия ДПО\project\knowledge_base\documents_parsing\docscanner\content_files\w9yU_CCI27012021_0026.pdf.txt,0.9583333333333334,"total_chars: 230
total_words: 24
valid_words_count: 23
invalid_words_count: 1
trash_chars_ratio: 0.2
invalid_words: а
most_common_words: налоговой(1), службы(1), по(1), г(1), москве(1), наименование(1), регистрирующего(1), органа(1), февраля(1), число(1)","налоговой службы № 46 по г. Москве наименование регистрирующего органа              ""44"" февраля  (число) — (месяц прописью)  э < ©  Заместитель начальника А Бокова Ольга Владимировна  отдела Подпись ‚ Фамилия, инициалы  ИИ  ^>"
57,"=HYPERLINK(""https://disk.yandex.ru/d/eoPtLFz10rw3Hg/%D0%9A%D0%B0%D1%80%D1%82%D0%BE%D1%87%D0%BA%D0%B0%20%D0%BE%D1%80%D0%B3%D0%B0%D0%BD%D0%B8%D0%B7%D0%B0%D1%86%D0%B8%D0%B8.docx""; ""Карточка организации.docx"")","=HYPERLINK( ""https://disk.yandex.ru/d/eoPtLFz10rw3Hg""; """")",573c6586efde4f100f23269af42606df3901383a2459574deaa0dfb2371d33cc,146617,2025-03-17 07:47:01,2025-05-28 13:43:19.322925,58,docx,2025-05-28 13:43:19.399357,E:\ML\ML_projects\Практика\Академия ДПО\project\knowledge_base\documents_parsing\docscanner\content_files\Карточка организации.docx.txt,,,Карточка организации
58,"=HYPERLINK(""https://disk.yandex.ru/d/eoPtLFz10rw3Hg/%D0%9E%D0%9E%D0%9E%20_%D0%90%D0%9A%D0%90%D0%94%D0%95%D0%9C%D0%98%D0%AF%20%D0%94%D0%9F%D0%9E_%20%287727406158-772301001%29%20%D0%A1%D0%B2%D0%B5%D0%B4%D0%B5%D0%BD%D0%B8%D1%8F%20%D0%BE%20%D0%BD%D0%B0%D0%BB%D0%B8%D1%87%D0%B8%D0%B8%20%D0%B7%D0%B0%D0%B4%D0%BE%D0%BB%D0%B6%D0%B5%D0%BD%D0%BD%D0%BE%D1%81%D1%82%D0%B8%20%D0%BE%D1%82%D1%80%D0%B8%D1%86%D0%B0%D1%82%D0%B5%D0%BB%D1%8C%D0%BD%D0%BE%D0%B3%D0%BE%20%D1%81%D0%B0%D0%BB%D1%8C%D0%B4%D0%BE%20%D0%95%D0%9D%D0%A1%20%D0%9D%D0%9F.pdf""; ""ООО _АКАДЕМИЯ ДПО_ (7727406158-772301001) Сведения о наличии задолженности отрицательного сальдо ЕНС НП.pdf"")","=HYPERLINK( ""https://disk.yandex.ru/d/eoPtLFz10rw3Hg""; """")",91a7689760e6a018dbd204af3adab99a4e5ca72c37d2b083e9472f1d6f01e8ab,100126,2025-03-17 07:47:01,2025-05-28 13:43:19.976745,59,pdfplumber,2025-05-28 13:43:20.050569,E:\ML\ML_projects\Практика\Академия ДПО\project\knowledge_base\documents_parsing\docscanner\content_files\ООО _АКАДЕМИЯ ДПО_ (7727406158-772301001) Сведения о наличии задолженности отрицательного сальдо ЕНС НП.pdf.txt,0.954954954954955,"total_chars: 996
total_words: 111
valid_words_count: 106
invalid_words_count: 5
trash_chars_ratio: 0.12248995983935743
invalid_words: n, кч-, -, кнд, дпо
most_common_words: по(4), г(3), наличии(3), код(2), о(2), в(2), плательщик(2), страховых(2), взносов(2), с(2)","Приложение № к письму ФНС России от 14.09.2023 г. N КЧ-4-8/11712 Код по КНД 1120518 Сведения о наличии (отсутствии) задолженности в размере отрицательного сальдо ЕНС Налогоплательщик (плательщик сбора, плательщик страховых взносов, налоговый агент) ОБЩЕСТВО С ОГРАНИЧЕННОЙ ОТВЕТСТВЕННОСТЬЮ ""АКАДЕМИЯ ДПО"" (наименование организации, фамилия, имя, отчество (при наличии) индивидуального предпринимателя, физического лица, не являющегося индивидуальным предпринимателем) ИНН 7727406158 КПП 772301001 по состоянию на ""10"" февраля 2025 г. не имеет (наличие обязанности) неисполненную обязанность по уплате налогов, сборов, страховых взносов, пеней, штрафов, процентов, подлежащих уплате в соответствии с законодательством Российской Федерации о налогах и сборах. Инспекция Федеральной налоговой службы № 23 по г.Москве, 7723 (наименование, код налогового органа) Руководитель (заместитель руководителя) Гаврилова Светлана Станиславовна налогового органа (подпись / фамилия, имя, отчество (при наличии)"
59,"=HYPERLINK(""https://disk.yandex.ru/d/eoPtLFz10rw3Hg/%D0%9E%D0%9E%D0%9E%20_%D0%90%D0%9A%D0%90%D0%94%D0%95%D0%9C%D0%98%D0%AF%20%D0%94%D0%9F%D0%9E_%20%287727406158-772701001%29%20%D0%94%D0%B5%D0%BA%D0%BB%D0%B0%D1%80%D0%B0%D1%86%D0%B8%D1%8F%20%D0%BF%D0%BE%20%D1%83%D0%BF%D1%80%D0%BE%D1%89%D0%B5%D0%BD%D0%BD%D0%BE%D0%B9%20%D1%81%D0%B8%D1%81%D1%82%D0%B5%D0%BC%D0%B5%20%D0%BD%D0%B0%D0%BB%D0%BE%D0%B3%D0%BE%D0%BE%D0%B1%D0%BB%D0%BE%D0%B6%D0%B5%D0%BD%D0%B8%D1%8F%20%D0%B7%D0%B0%202023%20%D0%B3%D0%BE%D0%B4.pdf""; ""ООО _АКАДЕМИЯ ДПО_ (7727406158-772701001) Декларация по упрощенной системе налогообложения за 2023 год.pdf"")","=HYPERLINK( ""https://disk.yandex.ru/d/eoPtLFz10rw3Hg""; """")",251fb2b5dc0a6be84e45edd4d206a8c1256a18f5bbb4ec2d13b3b0a355d853de,252559,2025-03-17 07:47:01,2025-05-28 13:43:23.787604,60,pdfplumber,2025-05-28 13:43:23.895588,E:\ML\ML_projects\Практика\Академия ДПО\project\knowledge_base\documents_parsing\docscanner\content_files\ООО _АКАДЕМИЯ ДПО_ (7727406158-772701001) Декларация по упрощенной системе налогообложения за 2023 год.pdf.txt,0.9120879120879121,"total_chars: 1622
total_words: 182
valid_words_count: 166
invalid_words_count: 16
trash_chars_ratio: 0.23551171393341552
invalid_words: кнд, дпо, -, -, ф, дпо, а, кнд, e, -, -, b, пф, f, d, d
most_common_words: наименование(7), и(6), в(6), по(5), налогового(4), органа(4), с(4), -(4), инн(4), ифнс(4)","-0301-eabb- ИНН 7727406158-- КПП Стр. 772701001 001 Форма по КНД 1152017 Налоговая декларация по налогу, уплачиваемому в связи с применением упрощенной системы налогообложения Номер корректировки Налоговый период (код) Отчетный год 0 - - 3 4 2 0 2 3 Представляется в налоговый орган (код) по месту нахождения (учета) (код) 7 7 2 7 2 1 0 О Б Щ Е С Т В О С О Г Р А Н И Ч Е Н Н О Й О Т В Е Т С Т В Е Н Н О С Т Ь Ю "" А К А Д Е М И Я Д П О "" (налогоплательщик) Форма реорганизации ИНН/КПП реорганизованной / (ликвидация) (код) организации Номер контактного телефона + 7 ( 8 0 0 ) 7 0 7 - 7 1 - 9 1 На страницах с приложением подтверждающих документов или их копий на листах 0 0 4 Достоверность и полноту сведений, указанных Заполняется работником налогового органа в настоящей декларации, подтверждаю: Сведения о представлении декларации 1 - налогоплательщик 1 2 - представитель налогоплательщика Данная декларация представлена (код) М А Н Д А Ж И на страницах с приложением подтверждающих документов И В"
60,"=HYPERLINK(""https://disk.yandex.ru/d/eoPtLFz10rw3Hg/%D0%9E%D0%9E%D0%9E%20_%D0%90%D0%9A%D0%90%D0%94%D0%95%D0%9C%D0%98%D0%AF%20%D0%94%D0%9F%D0%9E_%20%287727406158-772701001%29%20%D0%A3%D0%BF%D1%80%D0%BE%D1%89%D0%B5%D0%BD%D0%BD%D0%B0%D1%8F%20%D0%B1%D1%83%D1%85%D0%B3%D0%B0%D0%BB%D1%82%D0%B5%D1%80%D1%81%D0%BA%D0%B0%D1%8F%20%28%D1%84%D0%B8%D0%BD%D0%B0%D0%BD%D1%81%D0%BE%D0%B2%D0%B0%D1%8F%29%20%D0%BE%D1%82%D1%87%D0%B5%D1%82%D0%BD%D0%BE%D1%81%D1%82%D1%8C%20%D0%B7%D0%B0%202023%20%D0%B3%D0%BE%D0%B4.pdf""; ""ООО _АКАДЕМИЯ ДПО_ (7727406158-772701001) Упрощенная бухгалтерская (финансовая) отчетность за 2023 год.pdf"")","=HYPERLINK( ""https://disk.yandex.ru/d/eoPtLFz10rw3Hg""; """")",a72986c697edae85cbd8c23c0890ce4e5d8eaab33fe261c3134752e27f90e258,269865,2025-03-17 07:47:01,2025-05-28 13:43:26.252284,61,pdfplumber,2025-05-28 13:43:26.349678,E:\ML\ML_projects\Практика\Академия ДПО\project\knowledge_base\documents_parsing\docscanner\content_files\ООО _АКАДЕМИЯ ДПО_ (7727406158-772701001) Упрощенная бухгалтерская (финансовая) отчетность за 2023 год.pdf.txt,0.903448275862069,"total_chars: 1301
total_words: 145
valid_words_count: 131
invalid_words_count: 14
trash_chars_ratio: 0.23136049192928518
invalid_words: кнд, дпо, -, -, ф, дпо, кнд, f, -, f, пф, f, d, d
most_common_words: наименование(5), в(5), инн(4), налогового(3), органа(3), -(3), и(3), налоговой(3), декларации(3), f(3)","!1590!dabd! ИНН 7727406158-- КПП 772701001 Стр. 001 Форма по КНД 0710096 Упрощенная бухгалтерская (финансовая) отчетность Номер корректировки Отчетный период (код)* Отчетный год 0 - - 3 4 2 0 2 3 О Б Щ Е С Т В О С О Г Р А Н И Ч Е Н Н О Й О Т В Е Т С Т В Е Н Н О С Т Ь Ю "" А К А Д Е М И Я Д П О "" (наименование организации) Код вида экономической деятельности по классификатору ОКВЭД 2 . . 8 5 4 2 Код по ОКПО 3 5 8 1 5 5 7 2 Форма собственности (по ОКФС) 1 6 Организационно-правовая форма (по ОКОПФ) 1 2 3 0 0 Единица измерения: (тыс. руб. – код по ОКЕИ) 3 8 4 Местонахождение (адрес) 1 1 7 0 4 1 , Г О Р О Д М О С К В А , В Н . Т Е Р . Г . М У Н И Ц И П А Л Ь Н Ы Й О К Р У Г Ю Ж Н О Е Б У Т О В О , У Л А К А Д Е М И К А П На страницах с приложением документов или их копий на листах 0 0 3 Достоверность и полноту сведений, указанных Заполняется работником налогового органа в настоящем документе, подтверждаю: Сведения о представлении документа 1 – руководитель Данный документ представлен (код) 1..."
61,"=HYPERLINK(""https://disk.yandex.ru/d/eoPtLFz10rw3Hg/%D0%9F%D1%80%D0%B8%D0%BA%D0%B0%D0%B7%20%D0%BD%D0%B0%20%D0%B3%D0%B5%D0%BD%20%D0%B4%D0%B8%D1%80%D0%B5%D0%BA%D1%82%D0%BE%D1%80%D0%B0%20%281%29.pdf""; ""Приказ на ген директора (1).pdf"")","=HYPERLINK( ""https://disk.yandex.ru/d/eoPtLFz10rw3Hg""; """")",d6b6b071ea97ad4371319781b7d46e7a68305f81b6b9a105069ae6490a036dc1,297720,2025-03-17 07:47:01,2025-05-28 13:43:29.847960,62,ocr,2025-05-28 13:43:29.917988,E:\ML\ML_projects\Практика\Академия ДПО\project\knowledge_base\documents_parsing\docscanner\content_files\Приказ на ген директора (1).pdf.txt,0.92,"total_chars: 423
total_words: 50
valid_words_count: 46
invalid_words_count: 4
trash_chars_ratio: 0.14657210401891252
invalid_words: дпо, дпо, а, дпо
most_common_words: с(4), академия(3), дпо(3), в(3), приказ(2), от(2), октября(2), года(2), должность(2), генерального(2)",2= АКАДЕМИЯ ДПО     ПРИКАЗ № 35 от . 27 октября 2020 года  © вступлении в должность генерального директора ООО «Академия ДПО» а) й  1. В соответствии с решением единственного участника Общества с ограниченной ответственностью «Академия ДПО» от 16.03.2020 года назначить на должность генерального директора Общества Мандажи Ивана Анатольевича с «27» октября 2020 г.  2. Приказ вступает в силу с момента его подписания.
62,"=HYPERLINK(""https://disk.yandex.ru/d/eoPtLFz10rw3Hg/%D0%A0%D0%B5%D1%88%D0%B5%D0%BD%D0%B8%D0%B5%20%D0%BE%20%D0%BD%D0%B0%D0%B7%D0%BD%D0%B0%D1%87%D0%B5%D0%BD%D0%B8%D0%B8%20%D0%93%D0%B5%D0%BD.%20%D0%B4%D0%B8%D1%80%D0%B5%D0%BA%D1%82%D0%BE%D1%80%D0%B0.pdf""; ""Решение о назначении Ген. директора.pdf"")","=HYPERLINK( ""https://disk.yandex.ru/d/eoPtLFz10rw3Hg""; """")",5ab5e4dfae54b82044f6ff0efe699a00bb35ca1523e2f3b2f89e10b568cad1d9,598188,2025-03-17 07:47:02,2025-05-28 13:43:36.722113,63,ocr,2025-05-28 13:43:36.816119,E:\ML\ML_projects\Практика\Академия ДПО\project\knowledge_base\documents_parsing\docscanner\content_files\Решение о назначении Ген. директора.pdf.txt,0.9567099567099567,"total_chars: 2156
total_words: 231
valid_words_count: 221
invalid_words_count: 10
trash_chars_ratio: 0.1549165120593692
invalid_words: дпо, кпи, эт, пом, -, дпо, эт, пом, -фз, a
most_common_words: в(9), г(5), москва(5), общества(5), генерального(4), директора(4), с(3), адрес(3), рф(3), д(3)","Общество с ограниченной ответственностью «Академия ДПО» ОГРН 1197746048147 ИНН/КПИ 7727406158 / 772701001 адрес: РФ 117042 г. Москва, ya. Южнобутовская, д. 45, эт.1, пом.2, KOM.2 (далее — Общество)  РЕШЕНИЕ единственного участника  Город Москва 16 марта 2020 г.  Единственный участник Мурашов Владислав Сергеевич 25 февраля 1995 года рождения, место рождения: rop. Москва, гражданство Российская Федерация, пол: мужской паспорт серии: 45 15 127822 выдан Отделением УФМС России no гор. Москве ro району Черемушки 18.05.2015 года, к/п 770-123, адрес:, зарегистрирован по месту жительства по адресу: РФ г. Москва, ул. Архитектора Власова, д. 19, корп.3, KB. 16 владеющий долей в уставном капитале Общества в размере 100% (сто процентов) номинальной стоимостью 80 000 (восемьдесят тысяч) рублей 00 копеек, Общества с ограниченной ответственностью «Академия ДПО» ОГРН 1197746048147 ИННЖПП 7727406158 / 772701001, адрес: РФ 117042 г. Москва, ya. Южнобутовская, д. 45, эт.1, пом.2, ком.2 `  РЕШИЛ:     1."
2,"=HYPERLINK(""https://disk.yandex.ru/d/eoPtLFz10rw3Hg/95/%D0%94%D0%BE%D0%B3%D0%BE%D0%B2%D0%BE%D1%80%20%D0%B0%D1%80%D0%B5%D0%BD%D0%B4%D1%8B.pdf""; ""Договор аренды.pdf"")","=HYPERLINK( ""https://disk.yandex.ru/d/eoPtLFz10rw3Hg/95""; ""95"")",f6dbce9ae9692d2f7fb215fa47156a2c075c4ee380ea0ffaf44956925fd0ce1e,935653,2025-03-17 07:47:03,2025-05-28 13:32:28.002302,2,ocr,2025-05-28 13:32:28.121308,E:\ML\ML_projects\Практика\Академия ДПО\project\knowledge_base\documents_parsing\docscanner\content_files\Договор аренды.pdf.txt,0.9590588235294117,"total_chars: 17826
total_words: 2125
valid_words_count: 2038
invalid_words_count: 87
trash_chars_ratio: 0.10215415684954561
invalid_words: -, -, -, дпо, дпо, a, -, -, а, h, а, а, а, a, а, a, a, a, a, -, а, -, -, -, у, а, a, a, -х, пао, бик, -, -, дпо, k, e, бик, -, -, -, -, дпо, -, -, дпо, дпо, a, дпо, m, s, ноб, a, -п, i, a, a, оо, нне, -, ен, -, б, пб, ны, -р, ненаи, нн, нн, ме, ыол, a, -, -, a, нбо, пб, нн, б, пве, пле, ене, б, оы, ое, -, -, i
most_common_words: в(94), и(38), с(35), нежилых(28), не(27), помещений(26), договора(25), -(23), на(20), по(20)","Договор №58/11-23-123 о передаче в аренду недвижимого имущества  г. Москва «О1» августа 2023 г.  Акционерное — общество «Корпорация — космических — систем — специального назначения «Kometa» (сокращенно — AO «Корпорация «Комета»), именуемое в дальнейшем — «Арендодатель», в лице заместителя генерального  директора AO «Корпорация  «Комета» no  финансово-экономической работе  Мельник - Оксаны Валерьевны, действующего на основании доверенности от 01.01.2021 Ne 10/01, с одной стороны, и Общество с ограниченной ответственностью «АКАДЕМИЯ ДПО» (OOO «АКАДЕМИЯ ДПО»), в лице генерального директора Мандажи Ивана Анатольевича, действующего на основании Приказа № 35 от 27.10.2020, именуемый в дальнейшем «Арендатор», с другой стороны, и именуемые в дальнейшем «Стороны», заключили настоящий Договор о нижеследующем:  1. Предмет договора  1.1. Арендодатель передает, a Арендатор принимает во временное пользование нежилые помещения, расположенные по адресу: 115068, г. Москва, yu. Велозаводская, дом 5, стр..."
3,"=HYPERLINK(""https://disk.yandex.ru/d/eoPtLFz10rw3Hg/95/%D0%9F%D0%B8%D1%81%D1%8C%D0%BC%D0%BE%20-%D0%A1%D0%BC%D0%B5%D0%BD%D0%B0%20%D1%80%D0%B5%D0%BA%D0%B2%D0%B8%D0%B7%D0%B8%D1%82%D0%BE%D0%B2.pdf""; ""Письмо -Смена реквизитов.pdf"")","=HYPERLINK( ""https://disk.yandex.ru/d/eoPtLFz10rw3Hg/95""; ""95"")",4cecfc27b036fd22f70492f9cf723fae4287526a85e0d766be590c7dd8f5f2c7,280365,2025-03-17 07:47:02,2025-05-28 13:32:29.108436,3,pdfplumber,2025-05-28 13:32:29.221304,E:\ML\ML_projects\Практика\Академия ДПО\project\knowledge_base\documents_parsing\docscanner\content_files\Письмо -Смена реквизитов.pdf.txt,0.9259259259259259,"total_chars: 472
total_words: 54
valid_words_count: 50
invalid_words_count: 4
trash_chars_ratio: 0.2860169491525424
invalid_words: дпо, дпо, вн, а
most_common_words: с(4), кпп(3), г(3), академия(2), дпо(2), юридический(2), адрес(2), и(2), общество(1), ограниченной(1)","Общество с ограниченной ответственностью «АКАДЕМИЯ ДПО» ОГРН 1197746048147, ИНН 7727406158, КПП 772301001, Р/с 40702810400000107227, 044525700 АО ""РАЙФФАЙЗЕНБАНК Письмо о смене реквизитов Настоящим сообщаем, что с 15.08.2024 г. изменился юридический адрес ООО «Академия ДПО» и КПП. Начиная с 15.08.2024г., наш новый юридический адрес: 115068, Город Москва, вн.тер.г. муниципальный округ Южнопортовый, ул Велозаводская, д. 5, КПП 772301001 Генеральный директор Мандажи И.А."
4,"=HYPERLINK(""https://disk.yandex.ru/d/eoPtLFz10rw3Hg/95/%D0%9F%D0%B8%D1%81%D1%8C%D0%BC%D0%BE%20-%D0%A1%D0%BC%D0%B5%D0%BD%D0%B0%20%D1%8E%D1%80%20%D0%B0%D0%B4%D1%80%D0%B5%D1%81%D0%B0%2015.08.2024.pdf""; ""Письмо -Смена юр адреса 15.08.2024.pdf"")","=HYPERLINK( ""https://disk.yandex.ru/d/eoPtLFz10rw3Hg/95""; ""95"")",108665e63347664347f67eb68cd4827afcd44bf08c03e4ecdd3e9181ccf9f34d,262827,2025-03-17 07:47:02,2025-05-28 13:32:29.832065,4,pdfplumber,2025-05-28 13:32:29.939109,E:\ML\ML_projects\Практика\Академия ДПО\project\knowledge_base\documents_parsing\docscanner\content_files\Письмо -Смена юр адреса 15.08.2024.pdf.txt,0.9310344827586207,"total_chars: 514
total_words: 58
valid_words_count: 54
invalid_words_count: 4
trash_chars_ratio: 0.245136186770428
invalid_words: дпо, дпо, вн, а
most_common_words: с(4), г(3), академия(2), дпо(2), юридический(2), адрес(2), общество(1), ограниченной(1), ответственностью(1), огрн(1)","Общество с ограниченной ответственностью «АКАДЕМИЯ ДПО» ОГРН 1197746048147, ИНН 7727406158, КПП 772701001, Р/с 40702810400000107227, 044525700 АО ""РАЙФФАЙЗЕНБАНК Уведомление о смене юридического адреса Настоящим сообщаем, что с 15.08.2024г. изменился юридический адрес ООО «Академия ДПО». Просим Вас при формировании документов, начиная с 15.08.2024г., указывать наш новый юридический адрес: 115068, Город Москва, вн.тер.г. муниципальный округ Южнопортовый, ул Велозаводская, д. 5 Генеральный директор Мандажи И.А."
5,"=HYPERLINK(""https://disk.yandex.ru/d/eoPtLFz10rw3Hg/95/%D0%A0%D1%81%D0%B2.pdf""; ""Рсв.pdf"")","=HYPERLINK( ""https://disk.yandex.ru/d/eoPtLFz10rw3Hg/95""; ""95"")",94deeeea1d6caae1298deed41c2f07e89e3bba3422dd979935660b7ea92b4a84,129374,2025-03-17 07:47:02,2025-05-28 13:32:32.906432,5,pdfplumber,2025-05-28 13:32:32.984442,E:\ML\ML_projects\Практика\Академия ДПО\project\knowledge_base\documents_parsing\docscanner\content_files\Рсв.pdf.txt,0.8771331058020477,"total_chars: 2158
total_words: 293
valid_words_count: 257
invalid_words_count: 36
trash_chars_ratio: 0.17979610750695088
invalid_words: -, -, -, кнд, -, -, б, щ, а, ь, ю, а, а, -, -, а, а, ж, а, а, а, ь, пф, c, -, c, f, c, b, e, b, a, b, d, e, -
most_common_words: о(10), -(9), в(9), и(9), с(8), а(8), н(8), код(6), е(6), т(6)","-1620-fabh- ИНН 7 7 2 7 4 0 6 1 5 8 - - КПП Стр. 7 7 2 7 0 1 0 0 1 001 Форма по КНД 1151111 Расчет по страховым взносам Номер корректировки Расчетный (отчетный) период (код) Календарный год 0 - - 3 1 2 0 2 3 Представляется в налоговый орган (код) По месту нахождения (учета) (код) 7 7 2 7 2 1 4 О Б Щ Е С Т В О С О Г Р А Н И Ч Е Н Н О Й О Т В Е Т С Т В Е Н Н О С Т Ь Ю "" А К А Д Е М И Я Д П О "" (наименование организации, обособленного подразделения / фамилия, имя, отчество индивидуального предпринимателя, главы крестьянского (фермерского) хозяйства, физического лица) Среднесписочная численность (чел.) ОГРНИП 9 Форма реорганизации (ликвидация) (код) / Лишение полномочий (закрытие) обособленного подразделения (код) ИНН / КПП реорганизованной организации ИНН / КПП лишенного полномочий (закрытого) обособленного / подразделения Номер контактного телефона + 7 ( 8 0 0 ) 7 0 7 - 7 1 - 9 1 Расчет составлен на страницах с приложением подтверждающих документов или их копий на листах 0 2 5 Достоверно..."
6,"=HYPERLINK(""https://disk.yandex.ru/d/eoPtLFz10rw3Hg/95/%D0%A3%D0%BF%D1%80%D0%BE%D1%89%D0%B5%D0%BD%D0%BD%D0%B0%D1%8F%20%D0%B1%D1%83%D1%85%D0%B3%D0%B0%D0%BB%D1%82%D0%B5%D1%80%D1%81%D0%BA%D0%B0%D1%8F%20%28%D1%84%D0%B8%D0%BD%D0%B0%D0%BD%D1%81%D0%BE%D0%B2%D0%B0%D1%8F%2C%20%D1%81%202019%2C%205.03%29%20%281%29.pdf""; ""Упрощенная бухгалтерская (финансовая, с 2019, 5.03) (1).pdf"")","=HYPERLINK( ""https://disk.yandex.ru/d/eoPtLFz10rw3Hg/95""; ""95"")",5e2eb23304c89f548260b4a63f743e2aecb647763f6eeae567ba826c92e0f954,166673,2025-03-17 07:47:03,2025-05-28 13:32:35.588686,6,pdfplumber,2025-05-28 13:32:35.688649,"E:\ML\ML_projects\Практика\Академия ДПО\project\knowledge_base\documents_parsing\docscanner\content_files\Упрощенная бухгалтерская (финансовая, с 2019, 5.03) (1).pdf.txt",0.7428571428571429,"total_chars: 595
total_words: 70
valid_words_count: 52
invalid_words_count: 18
trash_chars_ratio: 0.40336134453781514
invalid_words: -, -, -, -, -, -, -, -, -, -, a, b, -, -, b, a, a, e
most_common_words: -(12), a(3), по(2), за(2), год(2), расходы(2), прочие(2), доходы(2), прибыль(2), b(2)","!1590!dabd! ИНН 7727406158-- КПП 772701001 Стр. 001 Форма по КНД 0710096 Упрощенная бухгалтерская (финансовая) отчетность Номер корректировки Отчетный период (код)* Отчетный год 1 - - 3 4 2 0 2 2 О Б Щ Е С Т В О С О Г Р А Н И Ч Е Н Н О Й О Т В Е Т С Т В Е Н Н О С Т Ь Ю "" А К А Д Е М И Я Д П О "" (наименование организации) Код вида экономической деятельности по классификатору ОКВЭД 2 . . 8 5 4 2 Код по ОКПО 3 5 8 1 5 5 7 2 Форма собственности (по ОКФС) 1 6 Организационно-правовая форма (по ОКОПФ) 1 2 3 0 0 Единица измерения: (тыс. руб. – код по ОКЕИ) 3 8 4 Местонахождение (адрес) 1 1 7 4 6 1 , Г О Р О Д М О С К В А , В Н . Т Е Р . Г . М У Н И Ц И П А Л Ь Н Ы Й О К Р У Г Ч Е Р Е М У Ш К И , У Л К А Х О В К А , Д О М На страницах с приложением документов или их копий на листах 0 0 3 Достоверность и полноту сведений, указанных Заполняется работником налогового органа в настоящем документе, подтверждаю: Сведения о представлении документа 1 – руководитель Данный документ представлен (код) 1 2..."
18,"=HYPERLINK(""https://disk.yandex.ru/d/eoPtLFz10rw3Hg/96/CCI08122020_0023-scaled.jpg""; ""CCI08122020_0023-scaled.jpg"")","=HYPERLINK( ""https://disk.yandex.ru/d/eoPtLFz10rw3Hg/96""; ""96"")",2be46713d96ede16cb4a43c99d6bc65c920d19ed4320dcbf5caa2470063dd996,1152752,2025-03-17 07:47:03,2025-05-28 13:37:04.591741,18,image_ocr,2025-05-28 13:37:04.683206,E:\ML\ML_projects\Практика\Академия ДПО\project\knowledge_base\documents_parsing\docscanner\content_files\CCI08122020_0023-scaled.jpg.txt,,,"ФЕДЕРАЛЬНАЯ СЛУЖБА TO НАДЗОРУ В СФЕРЕ ЗАЩИТЫ ПРАВ ПОТРЕБИТЕЛЕЙ И БЛАГОПОЛУЧИЯ ЧЕЛОВЕКА  Территориальный отдел Управления Федеральной службы NO надзору в сфере защиты прав потребителей и благополучия человека по городу Москве в Южном административном округе города Москвы     (вапменование территориального opraita)  САНИТАРНО-ЭПИДЕМИОЛОГИЧЕСКОЕ ЗАКЛЮЧЕНИЕ  No 77.16.16.000.M.005970.09.19 — от — 27 сентября 2019 г.  Настоящим санитарно-эпидемиологическим заключением удостоверяется, что производство (заявленный BUA, деятельности, работы, услуги) (перечислить виды деятельности (работ, yenyr), ANA производства — виды выпускаемой продукции; наименование  объекта, Фактический anpec): Здания, строе HA, сооружения, помещения, оборудование и иное имущество, используемые для осуществления образовательной деятельности: профессиональное обучение; Учебная аудитория OOO ""Академия ДПО""'; г. Москва, ЮАО, Хлебозаводский проезд, дом 7, стр. 9, эт. 5, пом."
19,"=HYPERLINK(""https://disk.yandex.ru/d/eoPtLFz10rw3Hg/96/Pismo-MCHS-1-stranitsa_page-0001-1.jpg""; ""Pismo-MCHS-1-stranitsa_page-0001-1.jpg"")","=HYPERLINK( ""https://disk.yandex.ru/d/eoPtLFz10rw3Hg/96""; ""96"")",6e1472d74f29db1b800d76de9a063b037e583d8438a84d09dc9dfa25db4c5790,646441,2025-03-17 07:47:03,2025-05-28 13:37:08.558894,19,image_ocr,2025-05-28 13:37:08.640126,E:\ML\ML_projects\Практика\Академия ДПО\project\knowledge_base\documents_parsing\docscanner\content_files\Pismo-MCHS-1-stranitsa_page-0001-1.jpg.txt,,,"МИНИСТЕРСТВА РОССИЙСКО  МЧС РОССИИ ГЛАВНОЕ УПРАВЛЕНИЕ Генеральному директору ОЙ ФЕДЕРАЦИИ «Академия ДПО» ПО ДЕЛАМ ГРАЖДАНСКОЙ ОБОРОНЫ, 099 ane  ЧРЕЗВЫЧАЙНЫМ СИТУАЦИЯМ, И ЛИКВИДАЦИИ ПОСЛЕДСТВИЙ И.А. Мандажи СТИХИЙНЫХ БЕДСТВИЙ ПО Г. МОСКВЕ     УПРАВЛЕНИЕ НАДЗОРНОЙ ДЕЯТЕЛЬНОСТИ  И ПРОФИЛАКТИЧЕСКОЙ РАБОТЫ (УНПР Главного управления МЧС России по г. Москве) >     ya. Пречистенка, д. р. 1, Москва, 119034 Телефон: (499) 244-83-93 доб. 11-108, 11-109 Факс: (495) 637-43-89  (3. A ALAO ОР Р  на No or  В соответствии с Вашим обращением от 10.11.2020 Ne B-108-2110 в Управлении надзорной деятельности и профилактической работы Главного управлении МЧС России по г. Москве рассмотрены представленные программы обучения пожарно-техническому минимуму для категорий обучаемых:  руководителей и ответственных за пожарную безопасность дошкольных учреждений и общеобразовательных школ;  воспитателей дошкольных учреждений;  сотрудников, осуществляющих круглосуточную охрану организаций, и руководителей подразделени..."
20,"=HYPERLINK(""https://disk.yandex.ru/d/eoPtLFz10rw3Hg/96/Pismo-MCHS-str.2_page-0001.jpg""; ""Pismo-MCHS-str.2_page-0001.jpg"")","=HYPERLINK( ""https://disk.yandex.ru/d/eoPtLFz10rw3Hg/96""; ""96"")",69b8c58770cf7aab419270517a7a5e3db1a3e05da578ea9bcac50035795ce5af,199719,2025-03-17 07:47:03,2025-05-28 13:37:10.749895,20,image_ocr,2025-05-28 13:37:10.841953,E:\ML\ML_projects\Практика\Академия ДПО\project\knowledge_base\documents_parsing\docscanner\content_files\Pismo-MCHS-str.2_page-0001.jpg.txt,,,"Указанные — программы — обучения — пожарно-техническому — минимуму удовлетворяют требованиям Норм пожарной безопасности «Обучение мерам пожарной безопасности работников организаций», утвержденных — приказом МЧС России от 12.12.2007 № 645.  Приложение: программы обучения на 272 л. в 1 экз.  Заместитель начальника Главного управления — начальник Управления * М.В. Комаров  А.Н. Лафёров (499) 244-83-93 (доб. 11-228)"
21,"=HYPERLINK(""https://disk.yandex.ru/d/eoPtLFz10rw3Hg/96/Uvedomlenie_page-0001.jpg""; ""Uvedomlenie_page-0001.jpg"")","=HYPERLINK( ""https://disk.yandex.ru/d/eoPtLFz10rw3Hg/96""; ""96"")",e6eccb32bd8de4fa6db58d365cbb4f0d1987e72e224323d56f90ad70bb47ec16,579332,2025-03-17 07:47:04,2025-05-28 13:37:14.467115,21,image_ocr,2025-05-28 13:37:14.561117,E:\ML\ML_projects\Практика\Академия ДПО\project\knowledge_base\documents_parsing\docscanner\content_files\Uvedomlenie_page-0001.jpg.txt,,,"Общество с ограниченной        ответственностью «Академия ДПО» МИНИСТЕРСТВО 117042, г. Москва, ТРУДА И СОЦИАЛЬНОЙ ЗАЩИТЫ ул. Южнобутовская, д. 45, at. 1, РОССИЙСКОЙ ФЕДЕРАЦИИ пом. 2, ком.2 (МИНТРУД РОССИИ) улица Ильинка, 21, Москва, ГСП-4, 127994 тел.: 8 (495) 870-67-00, факс: 8 (495) 870-68-71 E-mail: mintrud@rosmintrud.ru 29 аЕ 100. 19 -4/B- $980 На№ — от — Уведомление  о внесении в реестр аккредитованных ОрГаНИЗЗ.ЦИй‚ оказывающих услуги в области охраны труда  Министерство труда и социальной защиты Российской Федерации уведомляет о TOM, что Общество с ограниченной ответственностью «Академия ДПО» внесено в peecTp аккредитованных — организаций, оказывающих услуги в области охраны труда, под регистрационным номером Ne 7066 or 28 декабря 2020 г.  В соответствии с поданным заявлением — указанная организация аккредитована на оказание услуги в области охраны труда:  - обучение работодателей и работников вопросам охраны труда.  В соответствии с пунктом 18 Правил аккредитации организаций, ок..."
22,"=HYPERLINK(""https://disk.yandex.ru/d/eoPtLFz10rw3Hg/96/reestr-1-scaled.jpg""; ""reestr-1-scaled.jpg"")","=HYPERLINK( ""https://disk.yandex.ru/d/eoPtLFz10rw3Hg/96""; ""96"")",7de52b82992dfe539d03f85f3011f6a925a3ee8d0dd56569a23e00f7d843ec69,393322,2025-03-17 07:47:03,2025-05-28 13:37:18.261307,22,image_ocr,2025-05-28 13:37:18.339048,E:\ML\ML_projects\Практика\Академия ДПО\project\knowledge_base\documents_parsing\docscanner\content_files\reestr-1-scaled.jpg.txt,,,"Департамент образования и науки города Москвы  (наименование лицензирующего органа)     Выписка из реестра лицензий по состоянию на 12:41 «16» сентября 2022 г.  1. Статус лицензии: действующая (действующая / приостановлена / приостановлена частично / прекращена)  2. Регистрационный номер лицензии: Ne Л035-01298-77/00181780 3. Дата предоставления лицензии: 02 декабря 2019  4. Полное и (в случае, если имеется) сокращенное наименование, в TOM числе фирменное наименование, и организационно-правовая форма юридического лица, адрес его места нахождения, государственный регистрационный номер записи о создании юридического лица:  ОБЩЕСТВО С ОГРАНИЧЕННОЙ ОТВЕТСТВЕННОСТЬЮ «АКАДЕМИЯ ДПО» (ООО «АКАДЕМИЯ AIO»). Место нахождения: 117042, город Москва, улица Южнобутовская, fom 45, эт. 1, пом. 2, Kom. 2. ОГРН: 1197746048147.  (заполняется в случае, если лицензиатом является юридическое лицо)  5. Полное и (в случае, если имеется) сокращенное наименование иностранного юридического лица, полное и (в случа..."
23,"=HYPERLINK(""https://disk.yandex.ru/d/eoPtLFz10rw3Hg/96/reestr-2-scaled.jpg""; ""reestr-2-scaled.jpg"")","=HYPERLINK( ""https://disk.yandex.ru/d/eoPtLFz10rw3Hg/96""; ""96"")",e5cee9a7df44a3bf52e79c3788ac51981d649609b33aa0865fd443b074e96706,246051,2025-03-17 07:47:04,2025-05-28 13:37:21.349409,23,image_ocr,2025-05-28 13:37:21.428132,E:\ML\ML_projects\Практика\Академия ДПО\project\knowledge_base\documents_parsing\docscanner\content_files\reestr-2-scaled.jpg.txt,,,"8. Адреса мест осуществления отдельного вида деятельности, подлежащего лицензированию: 115230, r. Москва, Хлебозаводский проезд, д. 7, строение 9, этаж 5, пом. XII, комната 8;  9. Лицензируемый BU, деятельности с указанием выполняемых работ, оказываемых услуг, составляющих лицензируемый BU деятельности: Ha осуществление образовательной деятельности по реализации образовательных программ по видам образования, уровням образования, MO профессиям, специальностям, направлениям подготовки (fA профессионального образования), по подвидам  дополнительного                       образования: Дополнительное образование Ne n/t Подвиды 1 2 1 Дополнительное профессиональное образование 2 Дополнительное образование детей и взрослых        10. Номер и дата приказа (распоряжения) лицензирующего органа о предоставлении лицензии: № 1140Л от 02 декабря 2019        й ь ДОКУМЕНТ ПОДПИСАН ‚  Sad УСИЛЕННОЙ КВАЛИФИЦИРОВАННОЙ ЭЛЕКТРОННОЙ ПОДПИСЬЮ  Сертификат: 3BF25EA12FDC65D34C49134B4E55C456  Bnageney: ФЕДЕРАЛЬН..."
24,"=HYPERLINK(""https://disk.yandex.ru/d/eoPtLFz10rw3Hg/96/%D0%90%D0%BA%D0%B0%D0%B4%D0%B5%D0%BC%D0%B8%D1%8F%20%D0%94%D0%9F%D0%9E%20%D0%9B%D0%B8%D1%86%D0%B5%D0%BD%D0%B7%D0%B8%D1%8F%20%D0%B7%D0%B0%D0%B2%D0%B5%D1%80%D0%B5%D0%BD%D0%BD%D0%B0%D1%8F.pdf""; ""Академия ДПО Лицензия заверенная.pdf"")","=HYPERLINK( ""https://disk.yandex.ru/d/eoPtLFz10rw3Hg/96""; ""96"")",ae76c24efe6b0835112de9d9e0e34e97c34abaa86b7e4d052d299641b9ce6fd1,3535056,2025-03-17 07:47:04,2025-05-28 13:37:44.250573,24,ocr,2025-05-28 13:37:44.337908,E:\ML\ML_projects\Практика\Академия ДПО\project\knowledge_base\documents_parsing\docscanner\content_files\Академия ДПО Лицензия заверенная.pdf.txt,0.8702928870292888,"total_chars: 2106
total_words: 239
valid_words_count: 208
invalid_words_count: 31
trash_chars_ratio: 0.2207977207977208
invalid_words: -, ы, ёго, фип, шпп, ф, ы, a, уом, ы, ный, у, мщ, а, у, щ, а, у, a, ппт, дпо, -, -, ра, дпо, вно, а, a, b, d, d
most_common_words: и(9), деятельности(5), науки(4), города(4), москвы(4), осуществление(4), образовательной(4), профессиональное(4), дополнительное(4), т(3)","и науки города Москвы _  sie anaes  Shaver  т  ательной деятельности -  ы           `Приложение Ne 1.) : к лицензии Ha осуществление — образовательной деятельности от «02» декабря 2019 г.  Ne 040481  SS  TET.  И SEAS  Общество с ограниченной ответственностью хуказывается полное HEH случае, если имеется} сокращенное наименования (в TOM числе фирменное найменованне} юридического лица HH ёго Фипішпп. орпшшшюин‹›-птяшя формя юридичсского лица, ф:ппшп ums й & случае если имепся} отчество иидияидуцьиою прецприннчате лЯ)  7  aN > Sa AS м ы >a 7 7 7 BZ  NCAT  И)  УОМ ы  ТЕ Т Алимов  ный отчество (npn маличии) у т\юиип‹тт мщ  _:”’А/_/_‘""/і‘['@""/і‚( у Щ/а Й 'с'!у"" 7  ! | a  SANSA SSS  LGPLITEAAIEA  0016542  ; ППТ        SETA  Получение лицензии Ссообщение №15278802 от 19.09.2022 10:13 MCK.  ПУБЛИКАТОР  ООО ""АКАДЕМИЯ ДПО"" MHH: 7727406158 ОГРН: 1197746048147  СООБЩЕНИЕ °  Срок действия     Номер и дата выдачи Лицензирующий орган  — sata     вО 5 | ~ ENAPTAMEHT ОБРАЗОВАНИЯ И НАУКИ ГОРОДА (МОСКВЫ..."
25,"=HYPERLINK(""https://disk.yandex.ru/d/eoPtLFz10rw3Hg/96/%D0%9B%D0%B8%D1%86%D0%B5%D0%BD%D0%B7%D0%B8%D1%8F%20%D0%BE%D0%B1%D0%BE%D1%80%D0%BE%D1%82.jpg""; ""Лицензия оборот.jpg"")","=HYPERLINK( ""https://disk.yandex.ru/d/eoPtLFz10rw3Hg/96""; ""96"")",b0c252985ac41d5c26ea93a44f1dcdd96ce44166f8cb22c68143ebd247075585,1553100,2025-03-17 07:47:05,2025-05-28 13:37:47.202898,25,image_ocr,2025-05-28 13:37:47.281926,E:\ML\ML_projects\Практика\Академия ДПО\project\knowledge_base\documents_parsing\docscanner\content_files\Лицензия оборот.jpg.txt,,,"ждешшч] 1 7042 город М‹›сква,_улица Южнобутовская  apes места нахождения юоридического лнца (место ~        crea ля индивЕлуального предпринимателя) —        ‘нзия предоставлена на срок:     Настоящая лш.гензия предастввлсгхн на основании. решения П Иказа `(приказ/распюряжение)     Депёртамента обвазования и науки города Москвы _  Коанменование энцегзирующео opm)        » декабря ald, we 4  Hacrosmas лицензия ‘имеет приложение (приложения), являющееся ее неотъемлемой  PT Ajumon     ~Gcimiocr: yromionoxore may) = omnes — Е фамнлия, na. отчество уполномоченного лица) `унслномоченного ava)"
26,"=HYPERLINK(""https://disk.yandex.ru/d/eoPtLFz10rw3Hg/96/%D0%9B%D0%B8%D1%86%D0%B5%D0%BD%D0%B7%D0%B8%D1%8F.jpg""; ""Лицензия.jpg"")","=HYPERLINK( ""https://disk.yandex.ru/d/eoPtLFz10rw3Hg/96""; ""96"")",aebc597a544b4ea412d186250077db525782e2d809fdf44b62f53985cf75a06c,1563797,2025-03-17 07:47:04,2025-05-28 13:37:48.868310,26,image_ocr,2025-05-28 13:37:48.948336,E:\ML\ML_projects\Практика\Академия ДПО\project\knowledge_base\documents_parsing\docscanner\content_files\Лицензия.jpg.txt,,,
27,"=HYPERLINK(""https://disk.yandex.ru/d/eoPtLFz10rw3Hg/96/%D0%9F%D1%80%D0%B8%D0%BB%D0%BE%D0%B6%D0%B5%D0%BD%D0%B8%D0%B5%20%D0%BA%20%D0%BB%D0%B8%D1%86%D0%B5%D0%BD%D0%B7%D0%B8%D0%B8.jpg""; ""Приложение к лицензии.jpg"")","=HYPERLINK( ""https://disk.yandex.ru/d/eoPtLFz10rw3Hg/96""; ""96"")",c4204e7b57b4da55c247e6d9fa77944cde39249f4c39673c4f79caee740a20bc,1312907,2025-03-17 07:47:04,2025-05-28 13:37:53.439158,27,image_ocr,2025-05-28 13:37:53.537160,E:\ML\ML_projects\Практика\Академия ДПО\project\knowledge_base\documents_parsing\docscanner\content_files\Приложение к лицензии.jpg.txt,,,"Приложение Ne 1.1  к лицензии Ha осуществление образовательной деятельности от «02» декабря 2019 г.  Ne 040481  ЕПАРТАМЕНТ ОБРАЗОВАНИЯ И НАУКИ ГОРОДА МОСКВЫ  наименование лицензирующего oprana  ОБШЕСТВО С ОГРАНИЧЕННОИ ОТВЕТСТВЕННОСТЬ10     Общество с ош&ченн й ответственностью  ‘указывается полное и (в случае, если имеется) сокращенное наименования (в TOM числе фирменное нанменование) юридического лица или его филиала, организационно-правовая форма юридического лица, фамилия, имя н (в случае если имеется), отчество индивидуального предпринимателя) \ / 117042. город Москва, улица Южнобутовская, дом 45, 97. 1, пом. 2, Kom. 2  место нахождения норидического лица или ero филнала, место жительства — для инднвидуального предпринимателя        115230, г. Москва. Хлебозаводский проезд, д. 7, строение 9, этаж 5 mom. XII, комната & адреса мест осуществления образовательной деятельности ‘юридического лица или ero филиала, индивидуального предпринимателя, за исключением мест осуществле"
28,"=HYPERLINK(""https://disk.yandex.ru/d/eoPtLFz10rw3Hg/96/%D0%A1%D0%BE%D0%BE%D0%B1%D1%89%D0%B5%D0%BD%D0%B8%D0%B5%20%D0%BE%20%D0%BF%D0%BE%D0%BB%D1%83%D1%87%D0%B5%D0%BD%D0%B8%D0%B8%20%D0%BB%D0%B8%D1%86%D0%B5%D0%BD%D0%B7%D0%B8%D0%B8%20%D0%90%D0%BA%D0%B0%D0%B4%D0%B5%D0%BC%D0%B8%D1%8F%20%D0%94%D0%9F%D0%9E.pdf""; ""Сообщение о получении лицензии Академия ДПО.pdf"")","=HYPERLINK( ""https://disk.yandex.ru/d/eoPtLFz10rw3Hg/96""; ""96"")",e37d255cb9e5376a1fa5b4c58b17646bde8d0c049020531917741240ea2b1082,29315,2025-03-17 07:47:04,2025-05-28 13:37:54.249523,28,pdfplumber,2025-05-28 13:37:54.326499,E:\ML\ML_projects\Практика\Академия ДПО\project\knowledge_base\documents_parsing\docscanner\content_files\Сообщение о получении лицензии Академия ДПО.pdf.txt,0.924812030075188,"total_chars: 1284
total_words: 133
valid_words_count: 123
invalid_words_count: 10
trash_chars_ratio: 0.1791277258566978
invalid_words: мск, дпо, -, -, дпо, дпо, b, b, d, d
most_common_words: и(6), профессиональное(4), дополнительное(4), образование(4), сообщение(3), от(3), ооо(3), академия(3), дпо(3), инн(3)","Получение лицензии Сообщение №13278802 от 19.09.2022 10:13 МСК. ПУБЛИКАТОР ООО ""АКАДЕМИЯ ДПО"" ИНН: 7727406158 ОГРН: 1197746048147 СООБЩЕНИЕ Номер и дата выдачи Срок действия Лицензирующий орган Л035-01298-77/00181780 Бессрочная ДЕПАРТАМЕНТ ОБРАЗОВАНИЯ И НАУКИ ГОРОДА МОСКВЫ от 02.12.2019 ИНН: 7719028495 ОГРН: 1027700386625 Лицензируемая Осуществление образовательной деятельности деятельность: Оказываемые услуги: профессиональное обучение; дополнительное образование детей и взрослых; дополнительное профессиональное образование Текст сообщения ООО ""Академия ДПО"" 02.12.2019 года была получена лицензия на осуществление образовательной деятельности выданная Департаментом образования и науки города Москвы, № 040481, бланк 77Л01 № 0011399, в соответствии с приказом Департамента образования и науки города Москвы №1140Л от 02.12.2019 года, на осуществление образовательной деятельности по направлениям: профессиональное обучение; дополнительное образование детей и взрослых; дополнительное професси..."
7,"=HYPERLINK(""https://disk.yandex.ru/d/eoPtLFz10rw3Hg/96/%D1%83%D1%81%D1%82%D0%B0%D0%B2%D0%BD%D1%8B%D0%B5%20%D0%B4%D0%BE%D0%BA%D0%B8/%D1%83%D1%81%D1%82%D0%B0%D0%B2%D0%BD%D1%8B%D0%B5%20%D0%B4%D0%BE%D0%BA%D0%B8/CCF14042023_0001.pdf""; ""CCF14042023_0001.pdf"")","=HYPERLINK( ""https://disk.yandex.ru/d/eoPtLFz10rw3Hg/96/%D1%83%D1%81%D1%82%D0%B0%D0%B2%D0%BD%D1%8B%D0%B5%20%D0%B4%D0%BE%D0%BA%D0%B8/%D1%83%D1%81%D1%82%D0%B0%D0%B2%D0%BD%D1%8B%D0%B5%20%D0%B4%D0%BE%D0%BA%D0%B8""; ""96/уставные доки/уставные доки"")",574f22a0fcb40f821993cbdc455f889e288374a5fb71626b0847d75758e6df62,418080,2025-03-17 07:47:06,2025-05-28 13:32:48.646615,7,ocr,2025-05-28 13:32:48.748367,E:\ML\ML_projects\Практика\Академия ДПО\project\knowledge_base\documents_parsing\docscanner\content_files\CCF14042023_0001.pdf.txt,0.9557522123893806,"total_chars: 994
total_words: 113
valid_words_count: 108
invalid_words_count: 5
trash_chars_ratio: 0.18611670020120724
invalid_words: -, кнд, дпо, a, ю
most_common_words: о(6), по(4), в(4), российской(3), с(3), ne(2), свидетельство(2), на(2), учет(2), организации(2)","Форма Ne 1-1-Учет Код по КНД 1121007  Федеральная налоговая служба  СВИДЕТЕЛЬСТВО  О ПОСТАНОВКЕ НА УЧЕТ РОССИЙСКОЙ ОРГАНИЗАЦИИ В НАЛОГОВОМ ОРГАНЕ ПО МЕСТУ ЕЕ НАХОЖДЕНИЯ  Настоящее свидетельство подтверждает, что российская организация ОБЩЕСТВО С ОГРАНИЧЕННОЙ ОТВЕТСТВЕННОСТЬЮ ""АКАДЕМИЯ ДПО""                    (полное наименование российской организации в соответствии с учредительными документами)  orPH [1] 1] 9[7[7[4] 6] 0/4] 8/1] 4] 7)  поставлена на учет в соответствии с Налоговым кодексом Российской Федерации 01.02.2019 (число, месяц, 200)  в налоговом органе по месту нахождения ИНСПЭЩИЯ Федеральной налоговой 7]  службы Ne 27 no г.Москве                    (наименование налогового органа и его KOO)  и ей присвоен иннкоп — [7]7 [2 [7 4ТТ [1 [ss]  Sy  ial  Pres  О +         О “®% я О& % ‚Ор О ® 4406’0 О Seo,                 Главный государственный налоговый инспектор отдела формирования дел Межрайонной инспекции  Федеральной налоговой службы № 46 по г. Москве ® A. Ю. Абрашкина"
8,"=HYPERLINK(""https://disk.yandex.ru/d/eoPtLFz10rw3Hg/96/%D1%83%D1%81%D1%82%D0%B0%D0%B2%D0%BD%D1%8B%D0%B5%20%D0%B4%D0%BE%D0%BA%D0%B8/%D1%83%D1%81%D1%82%D0%B0%D0%B2%D0%BD%D1%8B%D0%B5%20%D0%B4%D0%BE%D0%BA%D0%B8/CCF14042023_0002.pdf""; ""CCF14042023_0002.pdf"")","=HYPERLINK( ""https://disk.yandex.ru/d/eoPtLFz10rw3Hg/96/%D1%83%D1%81%D1%82%D0%B0%D0%B2%D0%BD%D1%8B%D0%B5%20%D0%B4%D0%BE%D0%BA%D0%B8/%D1%83%D1%81%D1%82%D0%B0%D0%B2%D0%BD%D1%8B%D0%B5%20%D0%B4%D0%BE%D0%BA%D0%B8""; ""96/уставные доки/уставные доки"")",6261d9fe964b1f9ab07dccc8a213198da6631f6023ed0b1cda0031e55dce938c,1689794,2025-03-17 07:47:06,2025-05-28 13:33:11.737017,8,ocr,2025-05-28 13:33:11.821161,E:\ML\ML_projects\Практика\Академия ДПО\project\knowledge_base\documents_parsing\docscanner\content_files\CCF14042023_0002.pdf.txt,0.9727891156462585,"total_chars: 7398
total_words: 882
valid_words_count: 858
invalid_words_count: 24
trash_chars_ratio: 0.09786428764530955
invalid_words: дпо, -, дпо, дпо, пом, дпо, а, дпо, а, дпо, -, дпо, дпо, пом, дпо, а, дпо, дпо, -, дпо, дпо, дпо, а, дпо
most_common_words: общества(54), в(24), с(21), г(21), по(20), академия(15), дпо(15), и(15), учредителя(12), ограниченной(12)","Решение Ne 1 Учредителя Общества с ограниченной ответственностью «Академия ДПО»  г. Москва 25 января 2019 г.  Мурашов Владислав Сергеевич Паспорт серии: 45 15 Ne 127822 выдан Отделением УФМС России no rop. Москве no району Черемушки  18.05.2015 года, к/п 770-123 Адрес: РФ г. Москва, ул. Архитектора Власова, д. 19, корп. 3, KB. 16.  Принял решение:  10.  Создать в г. Москве Общество с ограниченной ответственностью «Академия ДПО». Утвердить устав ООО «Академия ДПО».  Утвердить адрес места нахождения и хранения документов Общества: РФ 117042 г. Москва, улица Южнобутовская, д. 45, этаж 1, mom. 2, kom. 2. По данному адресу находиться постоянно действующий исполнительный орган Общества (Генеральный директор).  Уставной капитал составляет 40 000 (сорок тысяч) рублей. Состоит из 1 (одной) доли, номинальной стоимостью 40 000 (сорок тысяч) рублей, что составляет 100 % Уставного капитала Общества. Указанная доля принадлежит Мурашову Владиславу Сергеевичу. Доля в Уставном капитале оплачивается ден..."
9,"=HYPERLINK(""https://disk.yandex.ru/d/eoPtLFz10rw3Hg/96/%D1%83%D1%81%D1%82%D0%B0%D0%B2%D0%BD%D1%8B%D0%B5%20%D0%B4%D0%BE%D0%BA%D0%B8/%D1%83%D1%81%D1%82%D0%B0%D0%B2%D0%BD%D1%8B%D0%B5%20%D0%B4%D0%BE%D0%BA%D0%B8/CCF14042023_0003.pdf""; ""CCF14042023_0003.pdf"")","=HYPERLINK( ""https://disk.yandex.ru/d/eoPtLFz10rw3Hg/96/%D1%83%D1%81%D1%82%D0%B0%D0%B2%D0%BD%D1%8B%D0%B5%20%D0%B4%D0%BE%D0%BA%D0%B8/%D1%83%D1%81%D1%82%D0%B0%D0%B2%D0%BD%D1%8B%D0%B5%20%D0%B4%D0%BE%D0%BA%D0%B8""; ""96/уставные доки/уставные доки"")",d02bb2bf9213f239d53f94d3302cbd53cd7f541ef33c64b5aaad5e56ba8cfc30,440453,2025-03-17 07:47:06,2025-05-28 13:33:17.421196,9,ocr,2025-05-28 13:33:17.511411,E:\ML\ML_projects\Практика\Академия ДПО\project\knowledge_base\documents_parsing\docscanner\content_files\CCF14042023_0003.pdf.txt,0.9583333333333334,"total_chars: 1367
total_words: 144
valid_words_count: 138
invalid_words_count: 6
trash_chars_ratio: 0.2194586686174104
invalid_words: дпо, пом, -, дпо, эт, пом
most_common_words: москва(5), г(4), по(4), в(4), адрес(3), рф(3), д(3), общества(3), общество(2), с(2)","Общество с ограниченной ответственностью «Академия ДПО» ОГРН 1197746048147 ИНН/КПП 7727406158 / 772701001 адрес: РФ 117042 г. Москва, ул. Южнобутовская, д. 45, 97.1, пом.2, ком.2 (далее — Общество)  РЕШЕНИЕ единственного участника  Город Москва 16 марта 2020 г.  Единственный участник Мурашов Владислав Сергеевич 25 февраля 1995 года рождения, место рождения: гор. Москва, гражданство Российская Федерация, пол: мужской паспорт серии: 45 15 127822 выдан Отделением УФМС России по гор. Москве по району Черемушки 18.05.2015 года, к/п 770-123, адрес:, зарегистрирован по месту жительства по адресу: РФ г. Москва, ул. Архитектора Власова, д. 19, корп.3, кВ. 16 владеющий долей в уставном капитале Общества в размере 100% (CTO процентов) номинальной стоимостью 80 000 (восемьдесят тысяч) рублей 00 копеек, Общества с ограниченной ответственностью «Академия ДПО» ОГРН 1197746048147 ИНН/КПП 7727406158 / 772701001, адрес: РФ 117042 г. Москва, ya. Южнобутовская, д. 45, эт.1, пом.2, ком.2  РЕШИЛ:  1. Наз"
10,"=HYPERLINK(""https://disk.yandex.ru/d/eoPtLFz10rw3Hg/96/%D1%83%D1%81%D1%82%D0%B0%D0%B2%D0%BD%D1%8B%D0%B5%20%D0%B4%D0%BE%D0%BA%D0%B8/%D1%83%D1%81%D1%82%D0%B0%D0%B2%D0%BD%D1%8B%D0%B5%20%D0%B4%D0%BE%D0%BA%D0%B8/CCF14042023_0004.pdf""; ""CCF14042023_0004.pdf"")","=HYPERLINK( ""https://disk.yandex.ru/d/eoPtLFz10rw3Hg/96/%D1%83%D1%81%D1%82%D0%B0%D0%B2%D0%BD%D1%8B%D0%B5%20%D0%B4%D0%BE%D0%BA%D0%B8/%D1%83%D1%81%D1%82%D0%B0%D0%B2%D0%BD%D1%8B%D0%B5%20%D0%B4%D0%BE%D0%BA%D0%B8""; ""96/уставные доки/уставные доки"")",1116ba2ef5c6517e11139a975a95b78a69f6b9c66477eb7b7f97c46c7063d616,584866,2025-03-17 07:47:06,2025-05-28 13:33:23.819800,10,ocr,2025-05-28 13:33:23.907801,E:\ML\ML_projects\Практика\Академия ДПО\project\knowledge_base\documents_parsing\docscanner\content_files\CCF14042023_0004.pdf.txt,0.9567099567099567,"total_chars: 2196
total_words: 231
valid_words_count: 221
invalid_words_count: 10
trash_chars_ratio: 0.16894353369763207
invalid_words: эт, пом, -, дпо, эт, пом, -фз, а, в-, -
most_common_words: в(8), г(5), москва(5), общества(5), по(4), генерального(4), с(3), адрес(3), рф(3), ул(3)","Общество с ограниченной ответственностью «Академия AIO» ОГРН 1197746048147 ИНН/КПП 7727406158 / 772701001 адрес: РФ 117042 г. Москва, ул. Южнобутовская, д. 45, эт.1, пом.2, ком.2 (далее - Общество)  РЕШЕНИЕ единственного участника  Город Москва 16 марта 2020 г.  Единственный участник Мурашов Владислав Сергеевич 25 февраля 1995 года рождения, место рождения: гор. Москва, гражданство Российская Федерация, ron: мужской паспорт серии: 45 15 127822 выдан Отделением УФМС России по гор. Москве по району Черемушки 18.05.2015 года,  Власова, д. 19, корп.3, KB. 16 владеющий долей в уставном капитале Общества в размере 100% (сто процентов) номинальной стоимостью 80 000 (восемьдесят тысяч) рублей 00 копеек, Общества с ограниченной ответственностью «Академия ДПО» ОГРН 1197746048147 ИНН/КПП 7727406158 / 772701001, адрес: РФ 117042 г. Москва, ул. Южнобутовская, д. 45, эт.1, пом.2, ком.2  РЕШИЛ:  1. В соответствии с Федеральным законом от 5 мая 2014 г. № 99-ФЗ ""О внесении изменений главу 4 части перво..."
11,"=HYPERLINK(""https://disk.yandex.ru/d/eoPtLFz10rw3Hg/96/%D1%83%D1%81%D1%82%D0%B0%D0%B2%D0%BD%D1%8B%D0%B5%20%D0%B4%D0%BE%D0%BA%D0%B8/%D1%83%D1%81%D1%82%D0%B0%D0%B2%D0%BD%D1%8B%D0%B5%20%D0%B4%D0%BE%D0%BA%D0%B8/CCF14042023_0005.pdf""; ""CCF14042023_0005.pdf"")","=HYPERLINK( ""https://disk.yandex.ru/d/eoPtLFz10rw3Hg/96/%D1%83%D1%81%D1%82%D0%B0%D0%B2%D0%BD%D1%8B%D0%B5%20%D0%B4%D0%BE%D0%BA%D0%B8/%D1%83%D1%81%D1%82%D0%B0%D0%B2%D0%BD%D1%8B%D0%B5%20%D0%B4%D0%BE%D0%BA%D0%B8""; ""96/уставные доки/уставные доки"")",54198539323b4d68507847a5240d9c941660765f6ff0f0277ff55e505ad7f235,848944,2025-03-17 07:47:06,2025-05-28 13:33:35.111626,11,ocr,2025-05-28 13:33:35.213628,E:\ML\ML_projects\Практика\Академия ДПО\project\knowledge_base\documents_parsing\docscanner\content_files\CCF14042023_0005.pdf.txt,0.9435215946843853,"total_chars: 2727
total_words: 301
valid_words_count: 284
invalid_words_count: 17
trash_chars_ratio: 0.15548221488815547
invalid_words: дпо, пом, -, -, дпо, эт, пом, -фз, а, ёй, a, -н, -, -, -, ъ, y
most_common_words: в(11), москва(6), г(5), -(5), общества(5), и(4), генерального(4), директора(4), с(3), рф(3)","Общество с ограниченной ответственностью «Академия ДПО» ОГРН 1197746048147 ИНН/КПП 7727406158 / 772701001 адрес: РФ 117042 г. Москва, ул. Южнобутовская, д. 45, 97.1, пом.2, ком.2 (далее - Общество)  РЕШЕНИЕ единственного участника  Город Москва 30 марта 2020 г.  Единственный участник Мурашов Владислав Сергеевич, 25 февраля 1995 года рождения, место рождения: гор. Москва, гражданство Российская Федерация, MOM: мужской паспорт серии: 45 15 127822, выданный Отделением УФМС России no rop. Москве no району Черемушки 18.05.2015 года, к/п 770-123, зарегистрированный 10 месту жительства по адресу: РФ, г. Москва, yu. Архитектора Власова, д. 19, корп.3, KB. 16, владеющий долей в уставном капитале Общества в размере 100% (сто процентов) номинальной стоимостью 80000 (восемьдесят тысяч) рублей 00 копеек, Общества с ограниченной ответственностью «Академия ДПО» ОГРН 1197746048147 ИНН/КПП 7727406158 / 772701001, адрес: РФ 117042 г. Москва, ул. Южнобутовская, д. 45, эт."
12,"=HYPERLINK(""https://disk.yandex.ru/d/eoPtLFz10rw3Hg/96/%D1%83%D1%81%D1%82%D0%B0%D0%B2%D0%BD%D1%8B%D0%B5%20%D0%B4%D0%BE%D0%BA%D0%B8/%D1%83%D1%81%D1%82%D0%B0%D0%B2%D0%BD%D1%8B%D0%B5%20%D0%B4%D0%BE%D0%BA%D0%B8/CCF14042023_0006.pdf""; ""CCF14042023_0006.pdf"")","=HYPERLINK( ""https://disk.yandex.ru/d/eoPtLFz10rw3Hg/96/%D1%83%D1%81%D1%82%D0%B0%D0%B2%D0%BD%D1%8B%D0%B5%20%D0%B4%D0%BE%D0%BA%D0%B8/%D1%83%D1%81%D1%82%D0%B0%D0%B2%D0%BD%D1%8B%D0%B5%20%D0%B4%D0%BE%D0%BA%D0%B8""; ""96/уставные доки/уставные доки"")",4ffb9edc59bdf970ee53cef1c33733abff3595dff3d61a0cd30d2fa9e5068e00,1007491,2025-03-17 07:47:06,2025-05-28 13:33:46.777617,12,ocr,2025-05-28 13:33:46.866591,E:\ML\ML_projects\Практика\Академия ДПО\project\knowledge_base\documents_parsing\docscanner\content_files\CCF14042023_0006.pdf.txt,0.9122257053291536,"total_chars: 2976
total_words: 319
valid_words_count: 291
invalid_words_count: 28
trash_chars_ratio: 0.17405913978494625
invalid_words: b, c, c, b, a, c, c, c, дпо, n, n, сле, б, a, иу, ъд, фл, фл, o, p, оо, c, ю, эп, d, f, a, e
most_common_words: в(9), лиц(7), лица(7), о(7), c(6), юридических(6), сведения(6), наименование(5), единый(4), государственный(4)","bn] 1     М  b9bf89282c434c25b55317a95c6c821¢c  Лист записи Единого государственного реестра юридических лиц  В Единый государственный реестр юридических лиц в отношении юридическог лица ОБЩЕСТВО С ОГРАНИЧЕННОЙ ОТВЕТСТВЕННОСТЬЮ ""АКАДЕМИЯ ДПО"" полное HaumeHoeaHue hopuduyeckoeo лица основной государственный регистрационный номер ОГРН) | 1 | 1 [ 9 [ 7 [7 [ 4 [ 6 [о [ 4 [ 8 [ 1 | 4 ] 7  внесена запись об изменении сведений о юридическом лице, содержащихся в ЕДИНОМ государственном реестре юридических лИц     Zo. vrona 2019 года (число) — (месяц прописью) (год)  за государственным регистрационным номером (ГРН)  |9 | 1 [ 9 [7 [ 7 [ 4 [7 [ 5 [ 5 [ 3 [ 6 [ 1 [0 ]  дующие сведения:  Наименование показателя Значение показателя  n/n  Сведения о количестве физических лиц, имеющих право без доверенности действовать от имени  юридического лица, внесенных в Единый гос дарственный реестр юридических лиц [ 1 Количество ВО  Сведения о фИЗИЧЭСКИХ лицах, имеющих право без доверенности действовать от имени"
13,"=HYPERLINK(""https://disk.yandex.ru/d/eoPtLFz10rw3Hg/96/%D1%83%D1%81%D1%82%D0%B0%D0%B2%D0%BD%D1%8B%D0%B5%20%D0%B4%D0%BE%D0%BA%D0%B8/%D1%83%D1%81%D1%82%D0%B0%D0%B2%D0%BD%D1%8B%D0%B5%20%D0%B4%D0%BE%D0%BA%D0%B8/CCF14042023_0007.pdf""; ""CCF14042023_0007.pdf"")","=HYPERLINK( ""https://disk.yandex.ru/d/eoPtLFz10rw3Hg/96/%D1%83%D1%81%D1%82%D0%B0%D0%B2%D0%BD%D1%8B%D0%B5%20%D0%B4%D0%BE%D0%BA%D0%B8/%D1%83%D1%81%D1%82%D0%B0%D0%B2%D0%BD%D1%8B%D0%B5%20%D0%B4%D0%BE%D0%BA%D0%B8""; ""96/уставные доки/уставные доки"")",fc5c13abd1ee36306a7825f2d633bad651065eeec6a21ab976a33c3d08f03bf2,1682102,2025-03-17 07:47:06,2025-05-28 13:34:04.832211,13,ocr,2025-05-28 13:34:04.911180,E:\ML\ML_projects\Практика\Академия ДПО\project\knowledge_base\documents_parsing\docscanner\content_files\CCF14042023_0007.pdf.txt,0.9297052154195011,"total_chars: 3962
total_words: 441
valid_words_count: 410
invalid_words_count: 31
trash_chars_ratio: 0.15295305401312467
invalid_words: ы, p, b, f, e, b, d, b, e, дпо, зд, -, -, ь, ица, -, у, b, -, фл, ьч, -, x, j, n, фл, a, c, еее, m, t
most_common_words: в(17), лица(9), документы(8), на(8), документа(8), наименование(7), юридических(6), лиц(6), государственный(6), юридического(6)","ы я НОИ \ [| Форма Ne P50007  99dd6b9341f64e6 9b0d39ca8b6e44250  Лист записи Единого государственного реестра юридических лиц  В Единый государственный реестр юридических лиц в отношении юридическог лица  ОБЩЕСТВО С ОГРАНИЧЕННОЙ ОТВЕТСТВЕННОСТЬЮ ""АКАДЕМИЯ ДПО""  полное наименование юридического лица  основной государственный регистрационный номер (ОГРН) пппцпппап  внесена запись о государственной регистрации изменений, внесенных в учредительные документы юридического лица, связанных с внесением изменений в сведения о юридическом лице, содержащиеся в ЕГРЮЛ, на  основании заявления  ""14"" февраля 2019 года  (число) (месяц прописью) (год)     за государственным регистрационным номером (ГРН)  |6 [1 |9 | 7 [ 7 [ 4 [ 6 [ 9 [1 [0 [ 2 [ 9 [0  Значение показателя     Сведения об уставном капитале (СЮ1ЗД0ЧНОМ капитале, уставном фонде, паевых взносах), внесенные в  Единый государственный реестр юридических лиц | 1 Вид — }ставный капитал | 2 |Размер (в рублях 80000  Сведения о количестве учредителей..."
14,"=HYPERLINK(""https://disk.yandex.ru/d/eoPtLFz10rw3Hg/96/%D1%83%D1%81%D1%82%D0%B0%D0%B2%D0%BD%D1%8B%D0%B5%20%D0%B4%D0%BE%D0%BA%D0%B8/%D1%83%D1%81%D1%82%D0%B0%D0%B2%D0%BD%D1%8B%D0%B5%20%D0%B4%D0%BE%D0%BA%D0%B8/CCF14042023_0008.pdf""; ""CCF14042023_0008.pdf"")","=HYPERLINK( ""https://disk.yandex.ru/d/eoPtLFz10rw3Hg/96/%D1%83%D1%81%D1%82%D0%B0%D0%B2%D0%BD%D1%8B%D0%B5%20%D0%B4%D0%BE%D0%BA%D0%B8/%D1%83%D1%81%D1%82%D0%B0%D0%B2%D0%BD%D1%8B%D0%B5%20%D0%B4%D0%BE%D0%BA%D0%B8""; ""96/уставные доки/уставные доки"")",3261c53f9075e169878985c7dcf1cf7a978db4c9579e88c5548f3307158b5fad,1411784,2025-03-17 07:47:06,2025-05-28 13:34:22.538512,14,ocr,2025-05-28 13:34:22.634492,E:\ML\ML_projects\Практика\Академия ДПО\project\knowledge_base\documents_parsing\docscanner\content_files\CCF14042023_0008.pdf.txt,0.9342403628117913,"total_chars: 4098
total_words: 441
valid_words_count: 412
invalid_words_count: 29
trash_chars_ratio: 0.17179111761835042
invalid_words: ы, p, f, c, e, a, дпо, x, рр, s, -, ица, -, h, иу, ц, у, -, s, фл, ф, s, c, ю, фл, нн, нн, c, эп
most_common_words: в(24), лица(9), наименование(9), о(9), сведения(8), лиц(7), государственный(7), юридического(7), с(7), юридических(6)","ы aT, | [| ®opma Ne P50007  53df0efae8f142c5be7fa97ba79e352a  Лист записи Единого государственного реестра юридических лиц  В Единый государственный реестр юридических лиц в отношении юридического лица  ОБЩЕСТВО С ОГРАНИЧЕННОЙ ОТВЕТСТВЕННОСТЬЮ ""АКАДЕМИЯ ДПО"" полное наименование юридического лица           основной государственный регистрационный номер ОГРН)  [1 [1 [9 [7 [ 7 [ 4 [ 6 [о [ 4 [ 8 [1 | 4 ] 7] внесена запись о государственной регистрации изменений, внесенных в  чредительные документы юридического лица связанных с внесением  изменений в сведения о юридическом лице, содержащиеся в ЕГРЮЛ, на  основании заявления     ""24"" марта 2020 года  (число) — (месяц прописью) (200)  за государственным регистрационным номером (IPH)  | 2 |2 10 [ 7 [7 [ о[ 2 [ 9 [1 [6 [2 [ 7 [6 |  Запись содержит следующие сведения:  lo x Наименование показателя Значение показателя  р рр  Сведения об уставном капитале (складочном капитале, уставном фонде, паевых взносах), внесенные в Единый государственный ре..."
15,"=HYPERLINK(""https://disk.yandex.ru/d/eoPtLFz10rw3Hg/96/%D1%83%D1%81%D1%82%D0%B0%D0%B2%D0%BD%D1%8B%D0%B5%20%D0%B4%D0%BE%D0%BA%D0%B8/%D1%83%D1%81%D1%82%D0%B0%D0%B2%D0%BD%D1%8B%D0%B5%20%D0%B4%D0%BE%D0%BA%D0%B8/CCF14042023_0009.pdf""; ""CCF14042023_0009.pdf"")","=HYPERLINK( ""https://disk.yandex.ru/d/eoPtLFz10rw3Hg/96/%D1%83%D1%81%D1%82%D0%B0%D0%B2%D0%BD%D1%8B%D0%B5%20%D0%B4%D0%BE%D0%BA%D0%B8/%D1%83%D1%81%D1%82%D0%B0%D0%B2%D0%BD%D1%8B%D0%B5%20%D0%B4%D0%BE%D0%BA%D0%B8""; ""96/уставные доки/уставные доки"")",594b0eae2ca66cf70a286a0439688d877e1edaf6e76a3752830ed647826a02e1,1347350,2025-03-17 07:47:06,2025-05-28 13:34:37.597488,15,ocr,2025-05-28 13:34:37.676463,E:\ML\ML_projects\Практика\Академия ДПО\project\knowledge_base\documents_parsing\docscanner\content_files\CCF14042023_0009.pdf.txt,0.927007299270073,"total_chars: 3643
total_words: 411
valid_words_count: 381
invalid_words_count: 30
trash_chars_ratio: 0.14575898984353555
invalid_words: щ, a, b, b, f, дпо, t, b, -, -, -, -, у, -, учр, -, у, а, a, нн, фл, у, вна, эп, c, f, a, e, c, f
most_common_words: в(18), доли(9), юридических(8), лиц(8), лица(8), государственный(7), сведения(7), наименование(6), о(6), -(6)","Щ  97edc0642a274ad6b42937b4 f2ef1 880  Лист записи Единого государственного реестра юридических лиц  В Единый государственный реестр юридических лиц в отношении юридическог лица  ОБЩЕСТВО С ОГРАНИЧЕННОЙ ОТВЕТСТВЕННОСТЬЮ ""АКАДЕМИЯ ДПО""  полное наименование юридического лица  основной государственный регистрационный номер (ОГРН) ппнцппппп  внесена запись об изменении сведений о юридическом лице,  содержащихся в Едином государственном реестре юридических лиц  _ 31"" мая 2019 года (число) (месяц прописью) (год)  за государственным регистрационным номером (ГРН)  7119 T7741 7101814121218)  Запись содержит следующие сведения: Наименование показателя 2              Значение показателя           Сведения о долях в уставном капитале общества с ограниченной ответственностью, принадлежащих обществу, включенные в Единый государственный реестр юридических лиц 1  1 |Причина изменения доли приобретение доли или части доли 2 |Размер (в рублях 40000 2  | 3 |Причина изменения доли распределение доли и"
16,"=HYPERLINK(""https://disk.yandex.ru/d/eoPtLFz10rw3Hg/96/%D1%83%D1%81%D1%82%D0%B0%D0%B2%D0%BD%D1%8B%D0%B5%20%D0%B4%D0%BE%D0%BA%D0%B8/%D1%83%D1%81%D1%82%D0%B0%D0%B2%D0%BD%D1%8B%D0%B5%20%D0%B4%D0%BE%D0%BA%D0%B8/CCF14042023_0010.pdf""; ""CCF14042023_0010.pdf"")","=HYPERLINK( ""https://disk.yandex.ru/d/eoPtLFz10rw3Hg/96/%D1%83%D1%81%D1%82%D0%B0%D0%B2%D0%BD%D1%8B%D0%B5%20%D0%B4%D0%BE%D0%BA%D0%B8/%D1%83%D1%81%D1%82%D0%B0%D0%B2%D0%BD%D1%8B%D0%B5%20%D0%B4%D0%BE%D0%BA%D0%B8""; ""96/уставные доки/уставные доки"")",ba61f1a89d7422e48c74141baa4f20e893fc17048266bed5ebfc6f858e0f6b09,2441504,2025-03-17 07:47:06,2025-05-28 13:35:01.366523,16,ocr,2025-05-28 13:35:01.453523,E:\ML\ML_projects\Практика\Академия ДПО\project\knowledge_base\documents_parsing\docscanner\content_files\CCF14042023_0010.pdf.txt,0.9580318379160637,"total_chars: 6479
total_words: 691
valid_words_count: 662
invalid_words_count: 29
trash_chars_ratio: 0.1378299120234604
invalid_words: ц, c, a, c, a, дпо, i, s, c, c, эт, пом, -, ф, -, у, уу, пе, -, f, ю, вп, n, фл, -, иу, цд, фл, a
most_common_words: в(28), реестр(19), деятельности(18), лица(15), лиц(14), наименование(14), юридических(12), о(12), сведения(12), вид(12)","р [ | Ц |„„ Форма № Р50007  1 83¢860c7762840a38ed97 1c4512be54a  Лист записи Единого государственного реестра юридических лиц  В Единый государственный реестр юридических лиц в отношении юридическогс лица  ОБЩЕСТВО С ОГРАНИЧЕННОЙ ОТВЕТСТВЕННОСТЬЮ ""АКАДЕМИЯ ДПО""  полное наименование юридического лица  основной государственный регистрационный номер (ОГРН) пппцпппппп  внесена запись о создании юридического лица ""01"" февраля 2019 года  (число) — (месяц прописью) (год)                       за государственным регистрационным номером (ГРН)  | 1 [1 [ 9 [ 7 [ 7 [ 4 [ 6 [0 [ 4 [ 8 [1 [ 4 ] 7 ]  Запись содержит следующие сведения:               Ne Наименование показателя Значение показателя i he ee eee  Сведения о наименовании юридического лица, внесенные в Единый государственный реестр юридических лиц  | 1 [Организационно-правовая форма || ^ языке ОТВЕТСТВЕННОСТЬЮ ""АКАДЕМИЯ ДПСО"" СОКРЭЩЭННОЭ наименование юридического лица на "" (  MH 727406158                              реестр юридических лиц"
17,"=HYPERLINK(""https://disk.yandex.ru/d/eoPtLFz10rw3Hg/96/%D1%83%D1%81%D1%82%D0%B0%D0%B2%D0%BD%D1%8B%D0%B5%20%D0%B4%D0%BE%D0%BA%D0%B8/%D1%83%D1%81%D1%82%D0%B0%D0%B2%D0%BD%D1%8B%D0%B5%20%D0%B4%D0%BE%D0%BA%D0%B8/CCF14042023_0011.pdf""; ""CCF14042023_0011.pdf"")","=HYPERLINK( ""https://disk.yandex.ru/d/eoPtLFz10rw3Hg/96/%D1%83%D1%81%D1%82%D0%B0%D0%B2%D0%BD%D1%8B%D0%B5%20%D0%B4%D0%BE%D0%BA%D0%B8/%D1%83%D1%81%D1%82%D0%B0%D0%B2%D0%BD%D1%8B%D0%B5%20%D0%B4%D0%BE%D0%BA%D0%B8""; ""96/уставные доки/уставные доки"")",6c36c76d66ab0ebd05bd339576016765ca92c069ea0e12a53556d0c380635790,8323745,2025-03-17 07:47:07,2025-05-28 13:36:57.879715,17,ocr,2025-05-28 13:36:57.984716,E:\ML\ML_projects\Практика\Академия ДПО\project\knowledge_base\documents_parsing\docscanner\content_files\CCF14042023_0011.pdf.txt,0.9872340425531915,"total_chars: 58848
total_words: 7050
valid_words_count: 6960
invalid_words_count: 90
trash_chars_ratio: 0.052780043501903205
invalid_words: a, эп, c, c, d, e, b, --г, дпо, а, дпо, дпо, дпо, -, а, p, а, r, n, радио-, -, а, -, -, -, -, a, а, а, b, -, -, -, -, -, у, -, а, -, -, -, -, а, -, -, a, у, a, у, у, а, c, а, а, а, у, -до, у, -в, а, а, a, а, a, а, -, -, -, -, a, -, а, -, -, -, а, а, -, а, -, а, -, -, -, -, -, a, финансово-, -, -
most_common_words: общества(400), в(312), и(243), с(110), доли(109), участников(94), или(90), he(68), общество(60), на(55)","(        ` ` УТВЕРЖДЕ Решением Единственного участника от «16» марта 2020 г.     чредитмент юридического лица ОГРН 1197746048147 представлен при внесении в ЕГРЮЛ записи от 24.03.2020 3a ГРН 2207702916276  ДОКУМЕНТ ПОДПИСАН @ УСИЛЕННОЙ КВАЛИФИЦИРОВАННОЙ ЭЛЕКТРОННОЙ ПОДПИСЬЮ  сведения о сертификате эп  Сертификат: 21C1AEQOEOAACAA642C6D0546E9AC27B Владелец: Еремина Олеся Эдуардовна  МИФНС России № 46 по г. Москве Действителен: с 08.10.2019 no 08.10.2020                                             УСТАВ  Общества с ограниченной ответственностью «Академия AITO» НОВАЯ РЕДАКЦИЯ  --г. Москва, 2020 год—        2  1. ОБЩИЕ ПОЛОЖЕНИЯ  1.1, Общество с ограниченной ответственностью «Академия ДПО», именуемое в дальнейшем Общество, учреждено в соответствии с решением Общего собрания учредителей (протокол Ne | or «23» января 2019 года). Зарегистрировано МИ ФНС Ne  46 no г. Москве от 01 февраля 2019 года, ОГРН 1197746048147. Новая редакция Устава утверждена Решением от 16 марта 2020 года в соответстви..."
29,"=HYPERLINK(""https://disk.yandex.ru/d/eoPtLFz10rw3Hg/%D0%91%D1%83%D1%85%D0%B1%D0%B0%D0%BB%D0%B0%D0%BD%D1%81/NO_BOUPR_7727_7727_7727406158772701001_20210331_6df92913_c356_4d15.pdf""; ""NO_BOUPR_7727_7727_7727406158772701001_20210331_6df92913_c356_4d15.pdf"")","=HYPERLINK( ""https://disk.yandex.ru/d/eoPtLFz10rw3Hg/%D0%91%D1%83%D1%85%D0%B1%D0%B0%D0%BB%D0%B0%D0%BD%D1%81""; ""Бухбаланс"")",a4f3f78b1bc09688d5b9a2f92d513b9068e0e1ab7b0092d0cd39aa5ddeb4650b,192472,2025-03-17 07:47:05,2025-05-28 13:37:59.130174,29,pdfplumber,2025-05-28 13:37:59.204173,E:\ML\ML_projects\Практика\Академия ДПО\project\knowledge_base\documents_parsing\docscanner\content_files\NO_BOUPR_7727_7727_7727406158772701001_20210331_6df92913_c356_4d15.pdf.txt,0.7846153846153846,"total_chars: 585
total_words: 65
valid_words_count: 51
invalid_words_count: 14
trash_chars_ratio: 0.4
invalid_words: -, -, -, -, -, -, -, -, -, -, d, -, c, d
most_common_words: -(11), по(2), за(2), год(2), расходы(2), прочие(2), доходы(2), прибыль(2), d(2), dadh(1)","!1590!dabd! ИНН 7727406158-- КПП 772701001 Стр. 001 Форма по КНД 0710096 Упрощенная бухгалтерская (финансовая) отчетность Номер корректировки Отчетный период (код)* Отчетный год 0 - - 3 4 2 0 2 0 О Б Щ Е С Т В О С О Г Р А Н И Ч Е Н Н О Й О Т В Е Т С Т В Е Н Н О С Т Ь Ю "" А К А Д Е М И Я Д П О "" (наименование организации) Код вида экономической деятельности по классификатору ОКВЭД 2 . . 8 5 4 2 Код по ОКПО Форма собственности (по ОКФС) 1 6 Организационно-правовая форма (по ОКОПФ) 1 2 3 0 0 Единица измерения: (тыс. руб. – код по ОКЕИ) 3 8 4 Местонахождение (адрес) 1 1 7 0 4 2 , М О С К В А Г , Ю Ж Н О Б У Т О В С К А Я У Л , Д . № 4 5 , Э Т А Ж 1 П О М . 2 К О М . 2 На страницах с приложением документов или их копий на листах 0 0 3 Достоверность и полноту сведений, указанных Заполняется работником налогового органа в настоящем документе, подтверждаю: Сведения о представлении документа 1 – руководитель Данный документ представлен (код) 1 2 – уполномоченный представитель на страницах М А Н..."
30,"=HYPERLINK(""https://disk.yandex.ru/d/eoPtLFz10rw3Hg/%D0%92%D1%8B%D0%BF%D0%B8%D1%81%D0%BA%D0%B0%20%D0%95%D0%93%D0%A0%D0%AE%D0%9B%202024/%D1%81%D0%B2%D0%B5%D0%B6%D0%B0%D1%8F%20%D0%B2%D1%8B%D0%BF%D0%B8%D1%81%D0%BA%D0%B0.pdf""; ""свежая выписка.pdf"")","=HYPERLINK( ""https://disk.yandex.ru/d/eoPtLFz10rw3Hg/%D0%92%D1%8B%D0%BF%D0%B8%D1%81%D0%BA%D0%B0%20%D0%95%D0%93%D0%A0%D0%AE%D0%9B%202024""; ""Выписка ЕГРЮЛ 2024"")",dd107061516eb42652a9024b760552bd67ee07690754fa93480bb00bd1f4466c,179973,2025-03-17 07:47:05,2025-05-28 13:38:01.884048,30,pdfplumber,2025-05-28 13:38:01.971069,E:\ML\ML_projects\Практика\Академия ДПО\project\knowledge_base\documents_parsing\docscanner\content_files\свежая выписка.pdf.txt,1.0,"total_chars: 656
total_words: 67
valid_words_count: 67
invalid_words_count: 0
trash_chars_ratio: 0.19207317073170732
invalid_words: 
most_common_words: по(4), егрюл(3), из(3), инспекция(2), федеральной(2), в(2), налоговой(2), службы(2), выписка(2), с(2)","ВЫПИСКА из Единого государственного реестра юридических лиц 21.10.2024 № ЮЭ9965-24- 146041270 дата формирования выписки Настоящая выписка содержит сведения о юридическом лице ОБЩЕСТВО С ОГРАНИЧЕННОЙ ОТВЕТСТВЕННОСТЬЮ ""АКАДЕМИЯ ДПО"" полное наименование юридического лица ОГРН 1 1 9 7 7 4 6 0 4 8 1 4 7 включенные в Единый государственный реестр юридических лиц по состоянию на « 21 » октября 2024 г. число месяц прописью год № п/п Наименование показателя Значение показателя 1 2 3 Наименование 1 Полное наименование на русском языке ОБЩЕСТВО С ОГРАНИЧЕННОЙ ОТВЕТСТВЕННОСТЬЮ ""АКАДЕМИЯ ДПО"" 2 ГРН и дата внесения в ЕГРЮЛ записи, 1197746048147 содержащей указанные сведения 01.02.2019 3 Сокращенное наименование на русском ООО ""АКАДЕМИЯ ДПО"" языке 4 ГРН и дата внесения в ЕГРЮЛ записи, 1197746048147 содержащей указанные сведения 01.02.2019 Место нахождения и адрес юридического лица 5 Место нахождения юридического лица Г.МОСКВА 6 ГРН и дата внесения в ЕГРЮЛ записи, 2247707871915 содержащей указанные св..."
31,"=HYPERLINK(""https://disk.yandex.ru/d/eoPtLFz10rw3Hg/%D0%92%D1%8B%D0%BF%D0%B8%D1%81%D0%BA%D0%B0%20%D0%BF%D0%BE%20%D0%9E%D1%85%D1%80%D0%B0%D0%BD%D0%B5%20%D1%82%D1%80%D1%83%D0%B4%D0%B0/%D0%B2%D1%8B%D0%BF%D0%B8%D1%81%D0%BA%D0%B0_%D0%BE%D1%80%D0%B3%D0%B0%D0%BD%D0%B8%D0%B7%D0%B0%D1%86%D0%B8%D0%B8_7066.pdf""; ""выписка_организации_7066.pdf"")","=HYPERLINK( ""https://disk.yandex.ru/d/eoPtLFz10rw3Hg/%D0%92%D1%8B%D0%BF%D0%B8%D1%81%D0%BA%D0%B0%20%D0%BF%D0%BE%20%D0%9E%D1%85%D1%80%D0%B0%D0%BD%D0%B5%20%D1%82%D1%80%D1%83%D0%B4%D0%B0""; ""Выписка по Охране труда"")",8825144b5879e1f567bda17bd0d8db5c5d142b4359f674bee0f6015c95ee2e76,132451,2025-03-17 07:47:05,2025-05-28 13:38:03.816035,31,pdfplumber,2025-05-28 13:38:03.893033,E:\ML\ML_projects\Практика\Академия ДПО\project\knowledge_base\documents_parsing\docscanner\content_files\выписка_организации_7066.pdf.txt,0.9666666666666667,"total_chars: 1813
total_words: 210
valid_words_count: 203
invalid_words_count: 7
trash_chars_ratio: 0.0943188086045229
invalid_words: дпо, эт, пом, дпо, дпо, эт, пом
most_common_words: в(9), труда(8), и(7), охраны(6), действующая(5), обучение(5), организация(5), г(4), по(4), дата(4)","Общество с ограниченной ответственностью ""Академия ДПО"" г.Москва ул.Южнобутовская д.45, эт. 1 пом.2, ком. 2 Выписка из Реестра организаций, оказывающих услуги в области охраны труда 1. Выписка составлена 11.04.2023 г. по состоянию на (дата) 2. Организационно-правовая форма, полное, сокращенное наименование Общество с ограниченной заявителя ответственностью ""Академия ДПО"", ООО ""Академия ДПО"" 3. Почтовый адрес местонахождения г.Москва ул.Южнобутовская д.45, эт. 1 заявителя пом.2, ком. 2 4. Регистрационный номер в реестре 7066 5. Дата внесения в реестр 28.12.2020 г. 6. Вид услуг в области охраны труда Дата приостановки Вид услуги Статус / исключения из реестра Действующая Обучение работодателей и работников вопросам охраны труда организация обучение по общим вопросам охраны труда и функционирования системы управления Действующая охраны труда организация обучение безопасным методам и приемам выполнения работ при воздействии вредных Действующая и (или) опасных производственных факторов, опа..."
32,"=HYPERLINK(""https://disk.yandex.ru/d/eoPtLFz10rw3Hg/%D0%9D%D0%BE%D0%B2%D1%8B%D0%B5%20%D1%80%D0%B5%D0%BA%D0%B2%D0%B8%D0%B7%D0%B8%D1%82%D1%8B%202023/%D0%A0%D0%95%D0%9A%D0%92%D0%98%D0%97%D0%98%D0%A2%D0%AB%20%281%29.docx""; ""РЕКВИЗИТЫ (1).docx"")","=HYPERLINK( ""https://disk.yandex.ru/d/eoPtLFz10rw3Hg/%D0%9D%D0%BE%D0%B2%D1%8B%D0%B5%20%D1%80%D0%B5%D0%BA%D0%B2%D0%B8%D0%B7%D0%B8%D1%82%D1%8B%202023""; ""Новые реквизиты 2023"")",710f2d0c19c1af250fd032f00ed4b4e11f55bb086841dbdd4633ed3725db5686,165409,2025-03-17 07:47:07,2025-05-28 13:38:05.365948,32,docx,2025-05-28 13:38:05.449558,E:\ML\ML_projects\Практика\Академия ДПО\project\knowledge_base\documents_parsing\docscanner\content_files\РЕКВИЗИТЫ (1).docx.txt,,,_______________________________ Мандажи И.А.
1,"=HYPERLINK(""https://disk.yandex.ru/d/eoPtLFz10rw3Hg/%D0%9F%D0%B8%D1%81%D1%8C%D0%BC%D0%BE%20%D0%BE%20%D1%81%D0%BC%D0%B5%D0%BD%D0%B5%20%D1%8E%D1%80.%20%D0%B0%D0%B4%D1%80%D0%B5%D1%81%D0%B0/CCF11052023.pdf""; ""CCF11052023.pdf"")","=HYPERLINK( ""https://disk.yandex.ru/d/eoPtLFz10rw3Hg/%D0%9F%D0%B8%D1%81%D1%8C%D0%BC%D0%BE%20%D0%BE%20%D1%81%D0%BC%D0%B5%D0%BD%D0%B5%20%D1%8E%D1%80.%20%D0%B0%D0%B4%D1%80%D0%B5%D1%81%D0%B0""; ""Письмо о смене юр. адреса"")",f4fc76d51094bae9438894798bb18e1633565a04f7c46f963ba38bee152443b1,398608,2025-03-17 07:47:07,2025-05-28 13:31:35.282574,33,ocr,2025-05-28 13:38:10.802781,E:\ML\ML_projects\Практика\Академия ДПО\project\knowledge_base\documents_parsing\docscanner\content_files\CCF11052023.pdf.txt,0.9565217391304348,"total_chars: 951
total_words: 115
valid_words_count: 110
invalid_words_count: 5
trash_chars_ratio: 0.1661409043112513
invalid_words: дпо, вн, дпо, вн, а
most_common_words: г(6), в(5), москва(4), академия(3), рамках(3), по(3), ooo(2), дпо(2), вн(2), тер(2)","OOO ""АКАДЕМИЯ ДПО"" ИНН/КПП 7727406158/772701001 ОГРН 1197746048147 117461, г.Москва, вн.тер.г. Муниципальный Округ Черемушки,  ул Каховка, д. 30, ПОМЕЩ. 13/1/5  Руководителям организаций контрагентов  г. Москва 21 апреля 2023 roma  Информационное письмо о смене юридического адреса  В рамках заключенных договоров доводим до Вашего сведения, что с 20 апреля 2023 года ООО «Академия ДПО» осуществляет деятельность по’  адресу:  г. Москва, вн.тер.г. Муниципальный Округ Черемушки, ул Каховка, д. 30, ПОМЕЩ. 13/1/5  Исходя из вышеизложенного, просим:  1. 2  Директор OOO «Академия  Прежний адрес: не использовать в качестве юридического адреса; Адрес для почтовой корреспонденции остается прежний: г. Москва, улица Велозаводская дом 5;  Корреспонденцию в рамках договоров направлять по новому адресу;  В первичную документацию по бухгалтерскому и налоговому учету, оформляемую в рамках вышеуказанного договора, вносить новый реквизит.  И.А. Мандажи"
33,"=HYPERLINK(""https://disk.yandex.ru/d/eoPtLFz10rw3Hg/%D0%A0%D0%B5%D0%B5%D1%81%D1%82%D1%80%D0%BE%D0%B2%D0%B0%D1%8F%20%D0%B2%D1%8B%D0%BF%D0%B8%D1%81%D0%BA%D0%B0%20%286%29/%D0%A0%D0%B5%D0%B5%D1%81%D1%82%D1%80%D0%BE%D0%B2%D0%B0%D1%8F%20%D0%B2%D1%8B%D0%BF%D0%B8%D1%81%D0%BA%D0%B0.pdf""; ""Реестровая выписка.pdf"")","=HYPERLINK( ""https://disk.yandex.ru/d/eoPtLFz10rw3Hg/%D0%A0%D0%B5%D0%B5%D1%81%D1%82%D1%80%D0%BE%D0%B2%D0%B0%D1%8F%20%D0%B2%D1%8B%D0%BF%D0%B8%D1%81%D0%BA%D0%B0%20%286%29""; ""Реестровая выписка (6)"")",a6375d79639e7f5b37504ce588d7230df65faad7a17d7757c7a49ebda6cbe5f9,75788,2025-03-17 07:47:08,2025-05-28 13:38:13.121753,34,pdfplumber,2025-05-28 13:38:13.215130,E:\ML\ML_projects\Практика\Академия ДПО\project\knowledge_base\documents_parsing\docscanner\content_files\Реестровая выписка.pdf.txt,0.9895833333333334,"total_chars: 928
total_words: 96
valid_words_count: 95
invalid_words_count: 1
trash_chars_ratio: 0.08512931034482758
invalid_words: пом
most_common_words: деятельности(4), по(4), образования(4), дополнительное(3), образование(3), лицензируемый(2), вид(2), п(2), и(2), адреса(1)","Департамент образования и науки города Москвы (наименование лицензирующего органа) Выписка из реестра лицензий по состоянию на 13:41 «15» июня 2023 г. 1. Статус лицензии: действующая (действующая / приостановлена / приостановлена частично / прекращена) 2. Регистрационный номер лицензии: № Л035-01298-77/00181780 3. Дата предоставления лицензии: 02 декабря 2019 4. Полное и (в случае, если имеется) сокращенное наименование, в том числе фирменное наименование, и организационно-правовая форма юридического лица, адрес его места нахождения, государственный регистрационный номер записи о создании юридического лица: ОБЩЕСТВО С ОГРАНИЧЕННОЙ ОТВЕТСТВЕННОСТЬЮ «АКАДЕМИЯ ДПО» (ООО «АКАДЕМИЯ ДПО»). Место нахождения: 117461, Г. Москва, ВН.ТЕР.Г. МУНИЦИПАЛЬНЫЙ ОКРУГ ЧЕРЕМУШКИ, УЛ КАХОВКА, Д. 30, ПОМЕЩ. 13/1/5. ОГРН: 1197746048147. (заполняется в случае, если лицензиатом является юридическое лицо) 5. Полное и (в случае, если имеется) сокращенное наименование иностранного юридического лица, полное и (в с..."
34,"=HYPERLINK(""https://disk.yandex.ru/d/eoPtLFz10rw3Hg/%D0%A3%D1%81%D1%82%D0%B0%D0%B2/Arenda.pdf""; ""Arenda.pdf"")","=HYPERLINK( ""https://disk.yandex.ru/d/eoPtLFz10rw3Hg/%D0%A3%D1%81%D1%82%D0%B0%D0%B2""; ""Устав"")",433dc669e9185509c5535eabb2e308aa0b96808f55a478894caad2391dad5655,3047558,2025-03-17 07:47:08,2025-05-28 13:38:50.684809,35,ocr,2025-05-28 13:38:50.759810,E:\ML\ML_projects\Практика\Академия ДПО\project\knowledge_base\documents_parsing\docscanner\content_files\Arenda.pdf.txt,0.8808327351040919,"total_chars: 10822
total_words: 1393
valid_words_count: 1227
invalid_words_count: 166
trash_chars_ratio: 0.15292921825910183
invalid_words: a, ы, ы, a, a, x, a, -, лах, i, ц, a, y, -, r, -, -, -, x, a, b, i, ы, нн, a, a, a, -н, -, -, -, а, а, дпо, -, -, -, нн, а, б, -, x, n, a, -, -, дпо, -, стороне-, -, пом, b, a, a, авн, a, сторона-, o, ра, ки, сторона-, стороне-, -, стороны-, сторона-, ю, стороне-, а, a, y, r, s, i, v, v, у, ху, g, y, y, -, -, -, мэ, эоу, щ, яа, нни, зёё, тыг, ш, -, -, -, -, -, -, -, -, уэ, нни, -, -, -, s, ээу, у, иэу, эу, a, v, вн, моу, рэ, a, б, у, u, уиэ, ийп, у, еч, u, h, вн, эт, ур, o, чя, v, эу, иэу, h, l, эоу, еи, l, u, иб, a, a, l, оу, йп, вуу, чл, у, o, s, куз, n, h, g, эи, у, o, ф, a, o, а, -, -, u, t, ж, i
most_common_words: в(34), -(33), и(32), a(19), с(19), о(17), по(10), договора(10), стороны(10), э(8)","ex — ei ta Ap, Га ys yas {eww » “ oa me a wy { vy xk } FY hee ы ‚ н8 ak in as «’ / й 4 Ы a \ a ° Э.. x NN Ar a ч х $ РОССИЙСКАЯ id Е ФЕДЕРАЦИЯ . ; ЕДИНЫЙ ГОСУДАРСТВЕННЫЙ РЕЕСТР ПРАВ НА НЕДВИЖИМОЕ ИМУЩЕСТВО И СДЕЛОК С HM -4 Дей‹твитшыю Только лах пр м Mo7dieee i Witte сние к OucoROpy (poem eu, copay .  COD « lradeuns HHO»  Taiwneimeny копированию для потариальных ц  действий_не подлеж ата 25 декабля ? “ex ‘a CBUDAETENBGECTBO О ГОСУДАРСТВЕННОЙ РЕГИСТРАЦИИ ПРАВА     Московский городской комитет по государственной регистрации прав на недвижимое имущество и сделок с ним                                         ^  от “/“Y “ апреля 2000 г.  Субъект права: ТЕНИШЕВ АЛЕКСАНДР БОРИСОВИЧ  Реестровый номер субъекта: 11-38391 Код ОКПО:  Форма собственности: частная  Вид права: собственность  : СКВА . ава: часть здания по адресу: МО lad ya. ЮЖНОБУТОВСКАЯ, д.45  площадью: 47,3 кв.м. Реестровый номер объекта: 75388  'дарственном реестре прав на недвижимое имущество и сделок с HHM “VG = ampenst 2000 r"
35,"=HYPERLINK(""https://disk.yandex.ru/d/eoPtLFz10rw3Hg/%D0%A3%D1%81%D1%82%D0%B0%D0%B2/EGRIuL.pdf""; ""EGRIuL.pdf"")","=HYPERLINK( ""https://disk.yandex.ru/d/eoPtLFz10rw3Hg/%D0%A3%D1%81%D1%82%D0%B0%D0%B2""; ""Устав"")",63cd1df840cea52c0f3061ef1bd1190d4ec665c620dd324a8a6c22a195733621,1681106,2025-03-17 07:47:08,2025-05-28 13:39:08.216853,36,ocr,2025-05-28 13:39:08.312855,E:\ML\ML_projects\Практика\Академия ДПО\project\knowledge_base\documents_parsing\docscanner\content_files\EGRIuL.pdf.txt,0.9117647058823529,"total_chars: 3663
total_words: 408
valid_words_count: 372
invalid_words_count: 36
trash_chars_ratio: 0.1528801528801529
invalid_words: мнм, ц, a, b, b, f, a, b, тр, -, f, -, у, -, денти, ы, ика, -, ф, ица, -, ш, нн, o, панные, габ, ийц, фл, ои, c, эп, c, f, a, e, c
most_common_words: в(19), о(9), доли(9), лица(8), государственный(7), сведения(7), юридических(6), лиц(6), г(6), единый(5)","МНМ  Ц 97edc0642a274ad6b42937b4f2ef1880  Лист записи Единого государственного реестра юридических лиц  В Единый государственный реестр юридических лиц в отношении юридического лица  ОБЩЕСТВО С ОГРАНИЧЕННОЙ ОТВЕТСТВЕННОСТЬЮ ""АКАДЕМИЯ Ono"" ‚ полное наименование юридического лица основной государственный регистрационный номер (ОГРН) [1 [1 |9 |7 [ 7 [ 4 [6 [о[4[8 [1 ] 4 ] 7]  внесена запись об изменении сведений о юридическом лице, содержащихся в Едином государственном реестре юридических ли  ""a1"" мая 2019 года  (число) — (месяц прописью) (год) за государственным регистрационным номером (ГРН) |7 [1 | 9 | 7 [ 7 | 4 [ 7 [ о[ 8 [1 [ 2 [ 2 ] 8 ]  ржит следующие сведения:  Запись соде              Наименование показателя Значение показателя  Сведения о долях в уставном капитале общества с ограниченной ответственностью, принадлежащих обществу, включенные в — Единый государственный  | 1 |[Причина изменения доли приобретение доли или части доли | 2 |Размер (в рублях 40000  | 3 [Причина измене"
36,"=HYPERLINK(""https://disk.yandex.ru/d/eoPtLFz10rw3Hg/%D0%A3%D1%81%D1%82%D0%B0%D0%B2/INN.pdf""; ""INN.pdf"")","=HYPERLINK( ""https://disk.yandex.ru/d/eoPtLFz10rw3Hg/%D0%A3%D1%81%D1%82%D0%B0%D0%B2""; ""Устав"")",1e687bca44cbc728fb7bce2074a459582b5a5df9cb096caa510a61bd628c7c4f,456016,2025-03-17 07:47:08,2025-05-28 13:39:13.943731,37,ocr,2025-05-28 13:39:14.034753,E:\ML\ML_projects\Практика\Академия ДПО\project\knowledge_base\documents_parsing\docscanner\content_files\INN.pdf.txt,0.8728813559322034,"total_chars: 922
total_words: 118
valid_words_count: 103
invalid_words_count: 15
trash_chars_ratio: 0.15726681127982647
invalid_words: -, -у, a, а, дпо, ж, зез, ке, ке, кз, ен, слу, жбы, а, ю
most_common_words: на(4), по(4), к(3), с(3), в(3), е(3), свидетельство(2), учет(2), органе(2), нахождения(2)","К Форма № 1-1-у 0A No KH 1121657  Федеральная налоговая служба  СВИДЕТЕЛЬСТВО  ИЙСКОЙ ОРГАНИЗ ТАНОВКЕ НА УЧЕТ РОСС Aina 0 IATOTOBOM ОРГАНЕ ПО MECTY EE НАХОЖДЕНИЯ  Настоящее свидетельство подтверждает, что российская организация а  ОБЩЕСТВО С ОГРАНИЧЕННОЙ ОТВЕТСТВЕННОСТЬЮ ""АКАДЕМИЯ ДПО"" /\ /‚___—_—_——Ж           (полное наименование российской организации в соответствии с учредительными документами)  ora ЗЕЗ Е КЕ КЕ КЗ К К КЕНЕ ЕН Е 6  поставлена на учет в соответствии с  Налоговым кодексом Российской Федерации 01.02.2019 (число, mecay, 200)  в налоговом органе по месту нахождения _Инспекция Федеральной налоговой службы № 27 по г.Москве Е           (наименование налогового органа и его код)  и ei присвоен  инн/коп — [7]7]2]74То]6 ]1 ]5 [ 8` ›       Главный государственный на отдела формирования Aen Me едеральной налоговой слу  логовый инспектор & жрайонной инспекции  на жбы № 46 по г. Москве ® А. Ю. Абрашки"
37,"=HYPERLINK(""https://disk.yandex.ru/d/eoPtLFz10rw3Hg/%D0%A3%D1%81%D1%82%D0%B0%D0%B2/Reshenie-2.pdf""; ""Reshenie-2.pdf"")","=HYPERLINK( ""https://disk.yandex.ru/d/eoPtLFz10rw3Hg/%D0%A3%D1%81%D1%82%D0%B0%D0%B2""; ""Устав"")",b27fb4860fc85df6ecfd2f8cf9ed0d1bd5ce6e749a4db9af694a0b06884ad0d5,527550,2025-03-17 07:47:08,2025-05-28 13:39:19.986120,38,ocr,2025-05-28 13:39:20.079123,E:\ML\ML_projects\Практика\Академия ДПО\project\knowledge_base\documents_parsing\docscanner\content_files\Reshenie-2.pdf.txt,0.9455782312925171,"total_chars: 1315
total_words: 147
valid_words_count: 139
invalid_words_count: 8
trash_chars_ratio: 0.1961977186311787
invalid_words: дпо, эт, пом, -, -, дпо, эт, пом
most_common_words: москва(5), г(4), в(4), адрес(3), рф(3), д(3), по(3), общества(3), общество(2), с(2)","Общество с ограниченной ответственностью «Академия ДПО»  ОГРН 1197746048147 ИНН/КПП 7727406158 / 772701001 адрес: РФ 117042 г. Москва, ул. Южнобутовская, д. 45, эт.1, пом.2, ком.2) (далее - Общество)  РЕШЕНИЕ единственного участника Город Москва 16 марта 2020 г.  Единственный участник Мурашов Владислав Сергеевич 25 февраля 1995 года рождения, место рождения: гор. Москва, гражданство Российская Федерация, пол: мужской паспорт серии: 45 15 127822 выдан Отделением УФМС России no rop. Москве no району Черемушки 18.05.2015 года, к/п 770-123, адрес:, зарегистрирован по месту жительства по адресу: РФ г. Москва, yn. Архитектора | Власова, д. 19, корп.3, KB. 16 владеющий долей в уставном капитале Общества в размере 100% ' (сто процентов) номинальной стоимостью 80 000 (восемьдесят тысяч) рублей 00 копеек, Общества  с ограниченной ответственностью «Академия ДПО» ОГРН 1197746048147 ИНН/КПИП —  7727406158 / 772701001, адрес: РФ 117042 г. Москва, ул. Южнобутовская, д. 45, эт.1, пом.2, ком.2 _  РЕШИЛ..."
38,"=HYPERLINK(""https://disk.yandex.ru/d/eoPtLFz10rw3Hg/%D0%A3%D1%81%D1%82%D0%B0%D0%B2/%D0%A3%D1%81%D1%82%D0%B0%D0%B2.pdf""; ""Устав.pdf"")","=HYPERLINK( ""https://disk.yandex.ru/d/eoPtLFz10rw3Hg/%D0%A3%D1%81%D1%82%D0%B0%D0%B2""; ""Устав"")",781e9364d4ebeb5d1b5831f75e41e5c83174cba615a2f366914d2d8e6d8c4bd7,12897578,2025-03-17 07:47:08,2025-05-28 13:42:01.918453,39,ocr,2025-05-28 13:42:02.028434,E:\ML\ML_projects\Практика\Академия ДПО\project\knowledge_base\documents_parsing\docscanner\content_files\Устав.pdf.txt,0.9394569132723746,"total_chars: 53839
total_words: 7218
valid_words_count: 6781
invalid_words_count: 437
trash_chars_ratio: 0.08737160794219803
invalid_words: s, l, b, дпо, ы, дг, ф, ы, лы, ооа, дв, i, p, пуо, дпо, r, ший, -, тво, а, -, а, b, p, прн, ыли, o, n, щ, o, p, i, щ, h, у, у, ё, иш, ть, ить, ёжш, i, ё, i, тра, вая, оцт, вая, b, ло, -, ш, ы, а, ц, -, i, -, -, -, -, a, i, -, -, мх, ц, дка, у, б, ф, яи, d, -, сош, ф, лнц, фсд, i, t, ш, зд, ы, предусм, у, -, -, ви, ло, -, -, ным, -, у, -, аь, а, a, аан, p, i, -, ки, -, фед, -, -, а, -, -, щ, оо, ов, ю, ше, у, тцш, ш, ш, i, o, y, i, s, ва, тщ, у, ущщ, o, а, у, ме, ищ, бдт, шуо, цю, дд, ча, у, ва, q, щщ, у, ся, мож, a, нли, ния, пф, щдм, i, орн, i, o, учр, перехйд, сл, сму, -, у, иш, у, ьд, са, ь, предусм, ш, нч, ы, бч, o, общестю, б, o, оо, фед, i, а, ы, аы, ча, айу, у, b, сде, чк, a, щ, сде, ы, ф, ог, оее, ика, ё, у, незавий, ги, ц, ика, шя, шст, ёь, у, сс, -, гбщ, ыы, а, ы, ю, a, у, нз, i, o, ш, щд, o, i, ь, ш, усм, ё, а, ё, гь, а, етс, гв, а, o, тр, иа, у, а, а, у, ет, пе, шв, ж, ые, а, яю, ш, вф, ых, ы, ж, ых, граждам-, пщ, ш, щ, ца, щ, цш, o, у, а, у, ёт, ё, ёш, а, ый, ши, ь, ж, ж, ово, аиа, нзъ, i, ж, рж, а, i, ши, а, оеа, a, уг, ьгц, i, i, p, ных, n, ж, эа, i, а, ю, ы, ы, а, нё, o, i, щс, ё, у, чшн, -, -, ито, ё, i, рещен, дов, кте, ы, a, ную, иш, мя, вты, заклю, y, уг, ры, ы, ый, ц, вкл, нез, кач, яет, у, o, p, ый, ым, h, ь, чер, у, ыть, p, c, аоы, p, пщт, ыг, щоб, n, ф, ф, d, б, ёът, еа, нра, i, у, пях, ным, ить, ца, -, -, б, ие, ы, делке, ъ, лок, b, а, гь, ж, d, кру, а, s, ы, иш, ткв, дт, мых, p, m, а, у, рщ, оё, йк, -, а, -, у, сус, жи, -, -, -, ных, эми, а, бь, ва, предусм, кни, нт, -, тр, зн, чнь, нн, чиа, ы, хив, ыы, финансово-, ю, кт, ёс, -, i, а, ым, дру, ш, иш, эна, дл, рс, рео, сд, пащ, щ, a, -, ра, ы
most_common_words: общества(260), в(240), и(207), с(81), доли(74), he(60), участников(57), об(55), на(52), или(51)","оннн оннн 54 —     ьный документ юридического лица 47746048147 представлен при Единственного участии  В В1 PION записи от 24.03.2020 за ’ от «16» мартя 2020 г  02916276  ДОКУМЕНТ ПОДПИСАН СИЛЕННОЙ КВАЛИФИЦИРОВАННОЙ ЭЛЕКТРОННОЙ ПОДПИСЬЮ сведения о сертификате an  EGIL ALOOLIAAC ARO42COD0S46L9AC27B Еремина Onece Элуардовна России Ne 46 no г. Москве : 6 08.10 2019 по 08.10.2020  УСТАВ  Общества с ограниченной ответственностью «Академия ДПО» НОВАЯ РЕДАКЦИЯ     46 по г. Moe  He}  законом «© ЧАСТЬ ne РОССИЙСК  ы  2  1, ОБЩИЕ ПОЛОЖЕНИЯ бцество © ограниченной ответственностью «Академия ДГ ество. учрежде! ‚ pkmennem Общего собрания учредителей (протокол Nu |]‹17:Э;5»и:'::‘3° mM 2019 Feat sesen ie ; MH HC Ne 01 Ф…‚$п 2019 гола, ОГРН 1197746048447. ы йана лы ооа да |релакция Устива утверждена Решением от 16 марта 2020 ro, pan й дв в соотвстств | se i ee acbrd HGNNKOA Pocono bs P pei Федеральным шон:: :ЗЛЁЁЁЁЕЪЪ;ФИЁЗЁ!ЕНЙЪНЁ ПУО ЕДЕРАЦИИ» № 312 от 30 декабря 2008 года, ФЕДЕРАЦИИ И ОТДЕЛЬНЫЕ"
39,"=HYPERLINK(""https://disk.yandex.ru/d/eoPtLFz10rw3Hg/%D0%BF%D0%B8%D1%81%D1%8C%D0%BC%D0%BE%20%D0%B1%D0%B5%D0%B7%20%D0%9D%D0%94%D0%A1/%D0%98%D0%BD%D1%84.%20%D0%90%D0%BA%D0%B0%D0%B4%D0%B5%D0%BC%D0%B8%D1%8F%20%D0%B4%D0%BF%D0%BE%20%D0%BF%D0%B8%D1%81%D1%8C%D0%BC%D0%BE%20%D1%83%D0%BF%D1%80%D0%BE%D1%89%D1%91%D0%BD%D0%BD%D0%B0%D1%8F%20%D1%81%D0%B8%D1%81%D1%82%D0%B5%D0%BC%D0%B0%20%D0%B1%D0%B5%D0%B7%20%D0%9D%D0%94%D0%A1.pdf""; ""Инф. Академия дпо письмо упрощённая система без НДС.pdf"")","=HYPERLINK( ""https://disk.yandex.ru/d/eoPtLFz10rw3Hg/%D0%BF%D0%B8%D1%81%D1%8C%D0%BC%D0%BE%20%D0%B1%D0%B5%D0%B7%20%D0%9D%D0%94%D0%A1""; ""письмо без НДС"")",83b1a005e3abe8a99bbff205ceb343b8048e7329085457de8865ea6294747f0f,248724,2025-03-17 07:47:07,2025-05-28 13:42:09.414802,40,ocr,2025-05-28 13:42:09.518823,E:\ML\ML_projects\Практика\Академия ДПО\project\knowledge_base\documents_parsing\docscanner\content_files\Инф. Академия дпо письмо упрощённая система без НДС.pdf.txt,0.9035532994923858,"total_chars: 1643
total_words: 197
valid_words_count: 178
invalid_words_count: 19
trash_chars_ratio: 0.19111381618989653
invalid_words: a, дпо, эт, пом, -, -, -, -, -, -, r, дпо, а, a, а, -, -, -, -
most_common_words: г(10), -(10), по(7), с(6), москве(5), в(5), россии(4), no(4), налогового(3), общество(2)","ОБЩЕСТВО С ОГРАНИЧЕННОЙ  МИНФИН РОССИИ "" ФЕДЕРАЛЬНАЯ НАЛОГОВАЯ СЛУЖБА ae eal a ay  УФНС РОССИИ ПО Г.МОСКВЕ ДПО"" ИНСПЕКЦИЯ ФЕДЕРАЛЬНОЙ НАЛОГОВОЙ ЮЖНОБУТОВСКАЯ УЛ, 45, ЭТ 1 ПОМ 2 СЛУЖБЫ Ne 27 ПО Г.МОСКВЕ KOM 2,MOCKBA Г, 1 17042  (ИФНС России № 27 по г.Москве) ‚117418,Москва г.„„„Новочеремушкинская ул,58,1, Телефон: 8-800-222-22-22  www.nalog.gov.ru     17.05.2022 No 21-14/2184 Ha No  Информационное письмо (ФОРМА № 26.2-7)  от 17.05.2022 r. No 2184  ИФНС России № 27 по г.Москве  (наименование налогового opraHa) в соответствии с подпунктом 4 пункта | статьи 32 Налогового кодекса Российской Федерации  на запрос ОБЩЕСТВО С ОГРАНИЧЕННОЙ ОТВЕТСТВЕННОСТЬЮ ""АКАДЕМИЯ ДПО'  }Т организации родительном падеже, ИНН/КПП, ИНН/КП 77274061 58/77270 1001  amunna, HMA, отчество? индивидуального предпринимателя в родительном падеже, MHA)  от 05.05.2022 г. сообщает, что указанным налогоплательщиком 29.01.2019 г. подано уведомление о переходе на упрощенную систему налогообложения с 01.02.2019 г.  и предста"
40,"=HYPERLINK(""https://disk.yandex.ru/d/eoPtLFz10rw3Hg/%D0%BF%D0%B8%D1%81%D1%8C%D0%BC%D0%BE%20%D0%B1%D0%B5%D0%B7%20%D0%9D%D0%94%D0%A1/%D0%BF%D0%B8%D1%81%D1%8C%D0%BC%D0%BE%20%D0%B1%D0%B5%D0%B7%20%D0%9D%D0%94%D0%A1.pdf""; ""письмо без НДС.pdf"")","=HYPERLINK( ""https://disk.yandex.ru/d/eoPtLFz10rw3Hg/%D0%BF%D0%B8%D1%81%D1%8C%D0%BC%D0%BE%20%D0%B1%D0%B5%D0%B7%20%D0%9D%D0%94%D0%A1""; ""письмо без НДС"")",4cac0701ca9b62be2f93408bd94bb48e9b66438e7d4973241a8badef2c8d976a,708160,2025-03-17 07:47:07,2025-05-28 13:42:16.854366,41,ocr,2025-05-28 13:42:16.919347,E:\ML\ML_projects\Практика\Академия ДПО\project\knowledge_base\documents_parsing\docscanner\content_files\письмо без НДС.pdf.txt,0.9174917491749175,"total_chars: 2694
total_words: 303
valid_words_count: 278
invalid_words_count: 25
trash_chars_ratio: 0.09799554565701558
invalid_words: кнд, -, -, -, -, a, -, -, -, ы, щнв, i, y, -, -, -, -, -, -, -, а, -, -, -, -
most_common_words: -(18), на(12), с(10), и(9), организации(8), индивидуальные(6), в(5), уведомления(5), предприниматели(5), уведомление(4)","= [  03603017     Форма по КНД 1150001 Уведомление  о переходе на упрощенную систему налогообложения (форма № 26.2-1)  (выбирается из перечня, приведенного внизу листа)                   Представляется в налоговый орган — (код)              roe: 1 - с года, — 2 - с даты постановки на налоговый учет 3 ° 34ce      1 - доходы,  ъекта налогообложения выбраны В качестее объе a Р 2 - доходы, уменьшенные на величину расходов             Год подачи уведомления о переходе на упрощенную систему налогообложения Получено доходов за девять месяцев года подачи уведомления  Остаточная стоимость основных средств на 1 октября года подачи уведомления составляет рублей'  листах  На 1 странице с приложением подтверждающего документа или его копии 6 на                 1 - налогоплательщик,  в Заполняется работником налогового органа 2 - представитель налогоплательщика  Данное уведомление представлено (код)     на 1 странице      с приложением подтверждающего _ й Г листах  М с хр1документа или ero копий ha"
41,"=HYPERLINK(""https://disk.yandex.ru/d/eoPtLFz10rw3Hg/%D0%BF%D0%B8%D1%81%D1%8C%D0%BC%D0%BE%20%D0%B1%D0%B5%D0%B7%20%D0%9D%D0%94%D0%A1/%D0%BF%D0%B8%D1%81%D1%8C%D0%BC%D0%BE%20%D1%83%D0%BF%D1%80%D0%BE%D1%89%D1%91%D0%BD%D0%BD%D0%B0%D1%8F%20%D1%81%D0%B8%D1%81%D1%82%D0%B5%D0%BC%D0%B0%20%D0%B1%D0%B5%D0%B7%20%D0%9D%D0%94%D0%A1.pdf""; ""письмо упрощённая система без НДС.pdf"")","=HYPERLINK( ""https://disk.yandex.ru/d/eoPtLFz10rw3Hg/%D0%BF%D0%B8%D1%81%D1%8C%D0%BC%D0%BE%20%D0%B1%D0%B5%D0%B7%20%D0%9D%D0%94%D0%A1""; ""письмо без НДС"")",4cac0701ca9b62be2f93408bd94bb48e9b66438e7d4973241a8badef2c8d976a,708160,2025-03-17 07:47:07,2025-05-28 13:42:24.198123,42,ocr,2025-05-28 13:42:24.283126,E:\ML\ML_projects\Практика\Академия ДПО\project\knowledge_base\documents_parsing\docscanner\content_files\письмо упрощённая система без НДС.pdf.txt,0.9174917491749175,"total_chars: 2694
total_words: 303
valid_words_count: 278
invalid_words_count: 25
trash_chars_ratio: 0.09799554565701558
invalid_words: кнд, -, -, -, -, a, -, -, -, ы, щнв, i, y, -, -, -, -, -, -, -, а, -, -, -, -
most_common_words: -(18), на(12), с(10), и(9), организации(8), индивидуальные(6), в(5), уведомления(5), предприниматели(5), уведомление(4)","= [  03603017     Форма по КНД 1150001 Уведомление  о переходе на упрощенную систему налогообложения (форма № 26.2-1)  (выбирается из перечня, приведенного внизу листа)                   Представляется в налоговый орган — (код)              roe: 1 - с года, — 2 - с даты постановки на налоговый учет 3 ° 34ce      1 - доходы,  ъекта налогообложения выбраны В качестее объе a Р 2 - доходы, уменьшенные на величину расходов             Год подачи уведомления о переходе на упрощенную систему налогообложения Получено доходов за девять месяцев года подачи уведомления  Остаточная стоимость основных средств на 1 октября года подачи уведомления составляет рублей'  листах  На 1 странице с приложением подтверждающего документа или его копии 6 на                 1 - налогоплательщик,  в Заполняется работником налогового органа 2 - представитель налогоплательщика  Данное уведомление представлено (код)     на 1 странице      с приложением подтверждающего _ й Г листах  М с хр1документа или ero копий ha"
